SET DEFINE OFF

CREATE TABLE Cliente ( IDCLIENTE NUMBER(38) primary key ,
VINCULOCONUNIANDES VARCHAR2(26) NOT NULL,
USUARIO VARCHAR2(26) NOT NULL,
CLAVE VARCHAR2(26) NOT NULL);

INSERT INTO Cliente (IDCLIENTE, VINCULOCONUNIANDES, USUARIO, CLAVE)
VALUES (1, 'Estudiante', 'jhonsmith1', 'M1jK!a5p#');

INSERT INTO Cliente (IDCLIENTE, VINCULOCONUNIANDES, USUARIO, CLAVE)
VALUES (2, 'Profesor', 'mikerodriguez2', 'R8#vLp4S');

INSERT INTO Cliente (IDCLIENTE, VINCULOCONUNIANDES, USUARIO, CLAVE)
VALUES (3, 'Estudiante', 'lisajohnson3', 'D9$zQb2x@');

INSERT INTO Cliente (IDCLIENTE, VINCULOCONUNIANDES, USUARIO, CLAVE)
VALUES (4, 'Estudiante', 'jasonbrown4', 'P6^wHc7N');

INSERT INTO Cliente (IDCLIENTE, VINCULOCONUNIANDES, USUARIO, CLAVE)
VALUES (5, 'Profesor', 'sarahdavis5', 'G2@kZd9V');

INSERT INTO Cliente (IDCLIENTE, VINCULOCONUNIANDES, USUARIO, CLAVE)
VALUES (6, 'Estudiante', 'kevinjackson6', 'F5!jKp7W');

INSERT INTO Cliente (IDCLIENTE, VINCULOCONUNIANDES, USUARIO, CLAVE)
VALUES (7, 'Profesor', 'andrewtaylor7', 'L1%hTc9X');

INSERT INTO Cliente (IDCLIENTE, VINCULOCONUNIANDES, USUARIO, CLAVE)
VALUES (8, 'Estudiante', 'lauramartinez8', 'S6$pGm3B');

INSERT INTO Cliente (IDCLIENTE, VINCULOCONUNIANDES, USUARIO, CLAVE)
VALUES (9, 'Profesor', 'samuelhernandez9', 'R9^vNl2M');

INSERT INTO Cliente (IDCLIENTE, VINCULOCONUNIANDES, USUARIO, CLAVE)
VALUES (10, ' Estudiante', 'annawilson10', 'H3#qFb8Z');

INSERT INTO Cliente (IDCLIENTE, VINCULOCONUNIANDES, USUARIO, CLAVE)
VALUES (11, ' Estudiante', 'richardlee11', 'T5!dLj2X');

INSERT INTO Cliente (IDCLIENTE, VINCULOCONUNIANDES, USUARIO, CLAVE)
VALUES (12, ' Profesor', 'stephanieturner12', 'A2%wKg6S');

INSERT INTO Cliente (IDCLIENTE, VINCULOCONUNIANDES, USUARIO, CLAVE)
VALUES (13, ' Profesor', 'davidwhite13', 'C7@zNp4V');

INSERT INTO Cliente (IDCLIENTE, VINCULOCONUNIANDES, USUARIO, CLAVE)
VALUES (14, ' Estudiante', 'melissasanchez14', 'B4^mHc9X');

INSERT INTO Cliente (IDCLIENTE, VINCULOCONUNIANDES, USUARIO, CLAVE)
VALUES (15, ' Estudiante', 'edwardperez15', 'P8#tQl1W');

INSERT INTO Cliente (IDCLIENTE, VINCULOCONUNIANDES, USUARIO, CLAVE)
VALUES (16, ' Profesor', 'katiehill16', 'N9!sJk4M');

INSERT INTO Cliente (IDCLIENTE, VINCULOCONUNIANDES, USUARIO, CLAVE)
VALUES (17, ' Estudiante', 'jonathanrobinson17', 'D5@fGp7X');

INSERT INTO Cliente (IDCLIENTE, VINCULOCONUNIANDES, USUARIO, CLAVE)
VALUES (18, ' Profesor', 'victoriagarcia18', 'E7^rLh2B');

INSERT INTO Cliente (IDCLIENTE, VINCULOCONUNIANDES, USUARIO, CLAVE)
VALUES (19, ' Estudiante', 'jessicarivera19', 'K4#tNj6Z');

INSERT INTO Cliente (IDCLIENTE, VINCULOCONUNIANDES, USUARIO, CLAVE)
VALUES (20, ' Profesor', 'danielparker20', 'S3%qCm9X');

INSERT INTO Cliente (IDCLIENTE, VINCULOCONUNIANDES, USUARIO, CLAVE)
VALUES (21, ' Estudiante', 'amandasmith21', 'W1@eKl5V');

INSERT INTO Cliente (IDCLIENTE, VINCULOCONUNIANDES, USUARIO, CLAVE)
VALUES (22, ' Estudiante', 'christophermartin22', 'F6!zRp7N');

INSERT INTO Cliente (IDCLIENTE, VINCULOCONUNIANDES, USUARIO, CLAVE)
VALUES (23, ' Profesor', 'rebecacruz23', 'L8$pTc3X');

INSERT INTO Cliente (IDCLIENTE, VINCULOCONUNIANDES, USUARIO, CLAVE)
VALUES (24, ' Estudiante', 'jacoblopez24', 'Y7^hJm2B');

INSERT INTO Cliente (IDCLIENTE, VINCULOCONUNIANDES, USUARIO, CLAVE)
VALUES (25, ' Estudiante', 'oliviahall25', 'G3#fQk6W');

INSERT INTO Cliente (IDCLIENTE, VINCULOCONUNIANDES, USUARIO, CLAVE)
VALUES (26, ' Profesor', 'matthewyoung26', 'J2%rLp9X');

INSERT INTO Cliente (IDCLIENTE, VINCULOCONUNIANDES, USUARIO, CLAVE)
VALUES (27, ' Estudiante', 'ashleyallen27', 'U4@tNc8V');

INSERT INTO Cliente (IDCLIENTE, VINCULOCONUNIANDES, USUARIO, CLAVE)
VALUES (28, ' Profesor', 'josephrodriguez28', 'R6^wHj1M');

INSERT INTO Cliente (IDCLIENTE, VINCULOCONUNIANDES, USUARIO, CLAVE)
VALUES (29, ' Estudiante', 'emilycampbell29', 'B9!sFm5X');

INSERT INTO Cliente (IDCLIENTE, VINCULOCONUNIANDES, USUARIO, CLAVE)
VALUES (30, ' Estudiante', 'williammiller30', 'V7#dKl3N');

INSERT INTO Cliente (IDCLIENTE, VINCULOCONUNIANDES, USUARIO, CLAVE)
VALUES (31, ' Profesor', 'jessicabaker31', 'C4@zQp8W');

INSERT INTO Cliente (IDCLIENTE, VINCULOCONUNIANDES, USUARIO, CLAVE)
VALUES (32, ' Estudiante', 'nathanwright32', 'X2^mGk9X');

INSERT INTO Cliente (IDCLIENTE, VINCULOCONUNIANDES, USUARIO, CLAVE)
VALUES (33, ' Profesor', 'kellyclark33', 'M8#tNc5B');

INSERT INTO Cliente (IDCLIENTE, VINCULOCONUNIANDES, USUARIO, CLAVE)
VALUES (34, ' Estudiante', 'ryanperez34', 'A5%wJp6V');

INSERT INTO Cliente (IDCLIENTE, VINCULOCONUNIANDES, USUARIO, CLAVE)
VALUES (35, ' Estudiante', 'elizabethscott35', 'N1!sTj9X');

INSERT INTO Cliente (IDCLIENTE, VINCULOCONUNIANDES, USUARIO, CLAVE)
VALUES (36, ' Profesor', 'alexanderturner36', 'E3^rLm7N');

INSERT INTO Cliente (IDCLIENTE, VINCULOCONUNIANDES, USUARIO, CLAVE)
VALUES (37, ' Estudiante', 'caitlinrobinson37', 'S7#fHk2X');

INSERT INTO Cliente (IDCLIENTE, VINCULOCONUNIANDES, USUARIO, CLAVE)
VALUES (38, ' Profesor', 'jaredgonzalez38', 'K9%qCp4W');

INSERT INTO Cliente (IDCLIENTE, VINCULOCONUNIANDES, USUARIO, CLAVE)
VALUES (39, ' Estudiante', 'kristensanchez39', 'H5@eGc6B');

INSERT INTO Cliente (IDCLIENTE, VINCULOCONUNIANDES, USUARIO, CLAVE)
VALUES (40, ' Profesor', 'brianroberts40', 'Z3^wLj7X');

INSERT INTO Cliente (IDCLIENTE, VINCULOCONUNIANDES, USUARIO, CLAVE)
VALUES (41, ' Estudiante', 'tiffanyjohnson41', 'T1#vNl9M');

INSERT INTO Cliente (IDCLIENTE, VINCULOCONUNIANDES, USUARIO, CLAVE)
VALUES (42, ' Estudiante', 'miguelsmith42', 'F7!sKm2X');

INSERT INTO Cliente (IDCLIENTE, VINCULOCONUNIANDES, USUARIO, CLAVE)
VALUES (43, ' Profesor', 'laurenmartinez43', 'B8$pTc4V');

INSERT INTO Cliente (IDCLIENTE, VINCULOCONUNIANDES, USUARIO, CLAVE)
VALUES (44, ' Estudiante', 'justinlee44', 'G6^hJk3W');

INSERT INTO Cliente (IDCLIENTE, VINCULOCONUNIANDES, USUARIO, CLAVE)
VALUES (45, ' Profesor', 'hannahrodriguez45', 'P4#fQp5N');

INSERT INTO Cliente (IDCLIENTE, VINCULOCONUNIANDES, USUARIO, CLAVE)
VALUES (46, ' Estudiante', 'jacobmartin46', 'W2%zGm7X');

INSERT INTO Cliente (IDCLIENTE, VINCULOCONUNIANDES, USUARIO, CLAVE)
VALUES (47, ' Profesor', 'vanessawilliams47', 'D7@tNc1B');

INSERT INTO Cliente (IDCLIENTE, VINCULOCONUNIANDES, USUARIO, CLAVE)
VALUES (48, ' Estudiante', 'sebastianlopez48', 'C5^wHj3V');

INSERT INTO Cliente (IDCLIENTE, VINCULOCONUNIANDES, USUARIO, CLAVE)
VALUES (49, ' Estudiante', 'cynthiagarcia49', 'R2!sFp6X');

INSERT INTO Cliente (IDCLIENTE, VINCULOCONUNIANDES, USUARIO, CLAVE)
VALUES (50, ' Profesor', 'ericadavis50', 'L9#dKl4M');

SET DEFINE OFF

CREATE TABLE Operador ( IDOPERADOR NUMBER(38) primary key,
RELACIONCONUNIANDES VARCHAR2(26) NOT NULL,
USUARIO VARCHAR2(26) NOT NULL,
CLAVE VARCHAR2(26) NOT NULL);



INSERT INTO Operador (IDOPERADOR, RELACIONCONUNIANDES, USUARIO, CLAVE)
VALUES (1, 'Estudiante', 'jacksonhill51', 'S5%qCm8W');

INSERT INTO Operador (IDOPERADOR, RELACIONCONUNIANDES, USUARIO, CLAVE)
VALUES (2, 'Profesor', 'dianamitchell52', 'V3@eJk9X');

INSERT INTO Operador (IDOPERADOR, RELACIONCONUNIANDES, USUARIO, CLAVE)
VALUES (3, 'Administrativo', 'ryangreen53', 'X6^rLh1N');

INSERT INTO Operador (IDOPERADOR, RELACIONCONUNIANDES, USUARIO, CLAVE)
VALUES (4, 'Padre de estudiante', 'jennyrobertson54', 'A9#tQc2X');

INSERT INTO Operador (IDOPERADOR, RELACIONCONUNIANDES, USUARIO, CLAVE)
VALUES (5, 'Administrativo', 'leonardogonzalez55', 'N7!sTj3V');

INSERT INTO Operador (IDOPERADOR, RELACIONCONUNIANDES, USUARIO, CLAVE)
VALUES (6, 'Estudiante', 'lisabrown56', 'E5$pGm9M');

INSERT INTO Operador (IDOPERADOR, RELACIONCONUNIANDES, USUARIO, CLAVE)
VALUES (7, 'Profesor', 'henryjackson57', 'K1^wNl8X');

INSERT INTO Operador (IDOPERADOR, RELACIONCONUNIANDES, USUARIO, CLAVE)
VALUES (8, 'Padre de estudiante', 'ashleygarcia58', 'H4!zRp2B');

INSERT INTO Operador (IDOPERADOR, RELACIONCONUNIANDES, USUARIO, CLAVE)
VALUES (9, 'Profesor', 'robertperez59', 'Z1#fHc9W');

INSERT INTO Operador (IDOPERADOR, RELACIONCONUNIANDES, USUARIO, CLAVE)
VALUES (10, ' Administrativo', 'aliciaadams60', 'T7%qCk3N');

INSERT INTO Operador (IDOPERADOR, RELACIONCONUNIANDES, USUARIO, CLAVE)
VALUES (11, ' Padre de estudiante', 'billyrivera61', 'F4@eLp5X');

INSERT INTO Operador (IDOPERADOR, RELACIONCONUNIANDES, USUARIO, CLAVE)
VALUES (12, ' Estudiante', 'chelseadavis62', 'B5^mGc8M');

INSERT INTO Operador (IDOPERADOR, RELACIONCONUNIANDES, USUARIO, CLAVE)
VALUES (13, ' Administrativo', 'jasonkelly63', 'G7!sJj2X');

INSERT INTO Operador (IDOPERADOR, RELACIONCONUNIANDES, USUARIO, CLAVE)
VALUES (14, ' Padre de estudiante', 'danielcampbell64', 'P3#tQl6V');

INSERT INTO Operador (IDOPERADOR, RELACIONCONUNIANDES, USUARIO, CLAVE)
VALUES (15, ' Estudiante', 'alexishernandez65', 'W5%zNk1B');

INSERT INTO Operador (IDOPERADOR, RELACIONCONUNIANDES, USUARIO, CLAVE)
VALUES (16, ' Profesor', 'adamsullivan66', '23qweasd');

INSERT INTO Operador (IDOPERADOR, RELACIONCONUNIANDES, USUARIO, CLAVE)
VALUES (17, ' Administrativo', 'madisonbaker67', 'loveyou');

INSERT INTO Operador (IDOPERADOR, RELACIONCONUNIANDES, USUARIO, CLAVE)
VALUES (18, ' Padre de estudiante', 'tylersmith68', '87654321');

INSERT INTO Operador (IDOPERADOR, RELACIONCONUNIANDES, USUARIO, CLAVE)
VALUES (19, ' Profesor', 'juliamartinez69', 'wertyuiop');

INSERT INTO Operador (IDOPERADOR, RELACIONCONUNIANDES, USUARIO, CLAVE)
VALUES (20, ' Estudiante', 'christopherlopez70', 'assw0rd');

INSERT INTO Operador (IDOPERADOR, RELACIONCONUNIANDES, USUARIO, CLAVE)
VALUES (21, ' Padre de estudiante', 'lilygonzalez71', 'bc123');

INSERT INTO Operador (IDOPERADOR, RELACIONCONUNIANDES, USUARIO, CLAVE)
VALUES (22, ' Administrativo', 'masonrodriguez72', 'etmein');

INSERT INTO Operador (IDOPERADOR, RELACIONCONUNIANDES, USUARIO, CLAVE)
VALUES (23, ' Estudiante', 'sarakim73', 'onkey');

INSERT INTO Operador (IDOPERADOR, RELACIONCONUNIANDES, USUARIO, CLAVE)
VALUES (24, ' Padre de estudiante', 'kylejones74', '11111');

INSERT INTO Operador (IDOPERADOR, RELACIONCONUNIANDES, USUARIO, CLAVE)
VALUES (25, ' Administrativo', 'kimberlyharris75', 'sunshine');

INSERT INTO Operador (IDOPERADOR, RELACIONCONUNIANDES, USUARIO, CLAVE)
VALUES (26, ' Profesor', 'brianawilson76', 'welcome');

INSERT INTO Operador (IDOPERADOR, RELACIONCONUNIANDES, USUARIO, CLAVE)
VALUES (27, ' Estudiante', 'rafaelmartinez77', 'dragon');

INSERT INTO Operador (IDOPERADOR, RELACIONCONUNIANDES, USUARIO, CLAVE)
VALUES (28, ' Padre de estudiante', 'chloescott78', 'football');

INSERT INTO Operador (IDOPERADOR, RELACIONCONUNIANDES, USUARIO, CLAVE)
VALUES (29, ' Administrativo', 'jordansanchez79', 'mustang');

INSERT INTO Operador (IDOPERADOR, RELACIONCONUNIANDES, USUARIO, CLAVE)
VALUES (30, ' Profesor', 'alyssawhite80', 'trustno1');

INSERT INTO Operador (IDOPERADOR, RELACIONCONUNIANDES, USUARIO, CLAVE)
VALUES (31, ' Estudiante', 'seancooper81', 'baseball');

INSERT INTO Operador (IDOPERADOR, RELACIONCONUNIANDES, USUARIO, CLAVE)
VALUES (32, ' Padre de estudiante', 'rebeccacruz82', 'killer');

INSERT INTO Operador (IDOPERADOR, RELACIONCONUNIANDES, USUARIO, CLAVE)
VALUES (33, ' Administrativo', 'eduardoortiz83', 'jennifer');

INSERT INTO Operador (IDOPERADOR, RELACIONCONUNIANDES, USUARIO, CLAVE)
VALUES (34, ' Estudiante', 'angelinaparker84', '7777777');

INSERT INTO Operador (IDOPERADOR, RELACIONCONUNIANDES, USUARIO, CLAVE)
VALUES (35, ' Padre de estudiante', 'jacobking85', 'chocolate');

INSERT INTO Operador (IDOPERADOR, RELACIONCONUNIANDES, USUARIO, CLAVE)
VALUES (36, ' Profesor', 'courtneyjohnson86', 'soccer');

INSERT INTO Operador (IDOPERADOR, RELACIONCONUNIANDES, USUARIO, CLAVE)
VALUES (37, ' Administrativo', 'dylanlee87', 'purple');

INSERT INTO Operador (IDOPERADOR, RELACIONCONUNIANDES, USUARIO, CLAVE)
VALUES (38, ' Estudiante', 'oliviagonzalez88', 'banana');

INSERT INTO Operador (IDOPERADOR, RELACIONCONUNIANDES, USUARIO, CLAVE)
VALUES (39, ' Padre de estudiante', 'timothymoore89', '1234567');

INSERT INTO Operador (IDOPERADOR, RELACIONCONUNIANDES, USUARIO, CLAVE)
VALUES (40, ' Profesor', 'sophiag', 'princess');

INSERT INTO Operador (IDOPERADOR, RELACIONCONUNIANDES, USUARIO, CLAVE)  
VALUES (41, ' Administrativo', 'thelittlelion', 'tweety');

INSERT INTO Operador (IDOPERADOR, RELACIONCONUNIANDES, USUARIO, CLAVE)
VALUES (42, ' Estudiante', 'urbansunshine', 'snoopy');

INSERT INTO Operador (IDOPERADOR, RELACIONCONUNIANDES, USUARIO, CLAVE)
VALUES (43, ' Padre de estudiante', 'jadestorm', 'angel');

INSERT INTO Operador (IDOPERADOR, RELACIONCONUNIANDES, USUARIO, CLAVE)
VALUES (44, ' Administrativo', 'wildtulip', '123123');

INSERT INTO Operador (IDOPERADOR, RELACIONCONUNIANDES, USUARIO, CLAVE)
VALUES (45, ' Profesor', 'techexplorer', 'harley');

INSERT INTO Operador (IDOPERADOR, RELACIONCONUNIANDES, USUARIO, CLAVE)
VALUES (46, ' Estudiante', 'oceanwhisper', 'superman');

INSERT INTO Operador (IDOPERADOR, RELACIONCONUNIANDES, USUARIO, CLAVE)
VALUES (47, ' Padre de estudiante', 'cloudysky', 'marilyn');

INSERT INTO Operador (IDOPERADOR, RELACIONCONUNIANDES, USUARIO, CLAVE)
VALUES (48, ' Administrativo', 'lemonbreeze', 'puppy');

INSERT INTO Operador (IDOPERADOR, RELACIONCONUNIANDES, USUARIO, CLAVE)
VALUES (49, ' Profesor', 'moonlightdreamer', '333333');

INSERT INTO Operador (IDOPERADOR, RELACIONCONUNIANDES, USUARIO, CLAVE)
VALUES (50, ' Estudiante', ' blazingfirefly', 'butterfly');

SET DEFINE OFF

CREATE TABLE Inmueble ( IDINMUEBLE NUMBER(38) primary key,
OPERADORASOCIADO NUMBER(38) not null,
CATEGORIA VARCHAR2(128),
CAPACIDAD NUMBER(38),
UBICACION VARCHAR2(128) not null,
MENAJE VARCHAR2(256),
TAMANOENMTSQ NUMBER(38),
constraint FKInmuebleOperador foreign key (OPERADORASOCIADO) references operador(idoperador));

--drop table Inmueble;

INSERT INTO Inmueble (IDINMUEBLE, OPERADORASOCIADO, CATEGORIA, CAPACIDAD, UBICACION, MENAJE, TAMANOENMTSQ) 
VALUES (1, 1, 'Premium', 3, 'Calle 92 número 46', 'Ropa de cama y toallas incluidas', 25);

INSERT INTO Inmueble (IDINMUEBLE, OPERADORASOCIADO, CATEGORIA, CAPACIDAD, UBICACION, MENAJE, TAMANOENMTSQ) 
VALUES (2, 2, 'Básico', 2, 'Avenida 54 número 75', 'Mobiliario moderno y confortable', 22);

INSERT INTO Inmueble (IDINMUEBLE, OPERADORASOCIADO, CATEGORIA, CAPACIDAD, UBICACION, MENAJE, TAMANOENMTSQ) 
VALUES (3, 3, 'Económico', 2, 'Carrera 62 número 21', 'Cubertería y vajilla completa', 29);

INSERT INTO Inmueble (IDINMUEBLE, OPERADORASOCIADO, CATEGORIA, CAPACIDAD, UBICACION, MENAJE, TAMANOENMTSQ) 
VALUES (4, 4, 'Ejecutivo', 3, 'Calle 80 número 33', 'Cafetera y tetera disponibles', 40);

INSERT INTO Inmueble (IDINMUEBLE, OPERADORASOCIADO, CATEGORIA, CAPACIDAD, UBICACION, MENAJE, TAMANOENMTSQ) 
VALUES (5, 5, 'Doble', 3, 'Avenida 68 número 14', 'Mesa y sillas para comedor', 29);

INSERT INTO Inmueble (IDINMUEBLE, OPERADORASOCIADO, CATEGORIA, CAPACIDAD, UBICACION, MENAJE, TAMANOENMTSQ) 
VALUES (6, 6, 'Premium', 1, 'Carrera 79 número 66', 'Cortinas opacas para privacidad', 44);

INSERT INTO Inmueble (IDINMUEBLE, OPERADORASOCIADO, CATEGORIA, CAPACIDAD, UBICACION, MENAJE, TAMANOENMTSQ) 
VALUES (7, 7, 'Básico', 1, 'Calle 51 número 98', 'Set de baño incluido', 57);

INSERT INTO Inmueble (IDINMUEBLE, OPERADORASOCIADO, CATEGORIA, CAPACIDAD, UBICACION, MENAJE, TAMANOENMTSQ) 
VALUES (8, 8, 'Económico', 3, 'Avenida 63 número 72', 'Espejo de cuerpo entero disponible', 52);

INSERT INTO Inmueble (IDINMUEBLE, OPERADORASOCIADO, CATEGORIA, CAPACIDAD, UBICACION, MENAJE, TAMANOENMTSQ) 
VALUES (9, 9, 'Ejecutivo', 3, 'Carrera 58 número 27', 'Vajilla y utensilios para niños', 27);

INSERT INTO Inmueble (IDINMUEBLE, OPERADORASOCIADO, CATEGORIA, CAPACIDAD, UBICACION, MENAJE, TAMANOENMTSQ) 
VALUES (10, 10, ' Doble', 2, ' Calle 84 número 52', ' Mantas y almohadas adicionales', 53);

INSERT INTO Inmueble (IDINMUEBLE, OPERADORASOCIADO, CATEGORIA, CAPACIDAD, UBICACION, MENAJE, TAMANOENMTSQ) 
VALUES (11, 11, ' Premium', 2, ' Avenida 57 número 89', ' Mesa auxiliar y lámpara de lectura', 57);

INSERT INTO Inmueble (IDINMUEBLE, OPERADORASOCIADO, CATEGORIA, CAPACIDAD, UBICACION, MENAJE, TAMANOENMTSQ) 
VALUES (12, 12, ' Básico', 2, ' Carrera 75 número 11', ' Elementos de decoración temáticos', 42);

INSERT INTO Inmueble (IDINMUEBLE, OPERADORASOCIADO, CATEGORIA, CAPACIDAD, UBICACION, MENAJE, TAMANOENMTSQ) 
VALUES (13, 13, ' Económico', 1, ' Calle 97 número 48', ' Plancha y tabla de planchar disponibles', 53);

INSERT INTO Inmueble (IDINMUEBLE, OPERADORASOCIADO, CATEGORIA, CAPACIDAD, UBICACION, MENAJE, TAMANOENMTSQ) 
VALUES (14, 14, ' Ejecutivo', 2, ' Avenida 61 número 35', ' Armario amplio con perchas', 49);

INSERT INTO Inmueble (IDINMUEBLE, OPERADORASOCIADO, CATEGORIA, CAPACIDAD, UBICACION, MENAJE, TAMANOENMTSQ) 
VALUES (15, 15, ' Doble', 1, ' Carrera 71 número 23', ' Cubiertos y utensilios de servir', 46);

INSERT INTO Inmueble (IDINMUEBLE, OPERADORASOCIADO, CATEGORIA, CAPACIDAD, UBICACION, MENAJE, TAMANOENMTSQ) 
VALUES (16, 16, ' Premium', 3, ' Calle 69 número 76', ' Televisor de pantalla plana disponible', 42);

INSERT INTO Inmueble (IDINMUEBLE, OPERADORASOCIADO, CATEGORIA, CAPACIDAD, UBICACION, MENAJE, TAMANOENMTSQ) 
VALUES (17, 17, ' Básico', 1, ' Avenida 87 número 18', ' Cojines decorativos y mantelería', 50);

INSERT INTO Inmueble (IDINMUEBLE, OPERADORASOCIADO, CATEGORIA, CAPACIDAD, UBICACION, MENAJE, TAMANOENMTSQ) 
VALUES (18, 18, ' Económico', 4, ' Carrera 64 número 55', ' Estantería y libros disponibles', 32);

INSERT INTO Inmueble (IDINMUEBLE, OPERADORASOCIADO, CATEGORIA, CAPACIDAD, UBICACION, MENAJE, TAMANOENMTSQ) 
VALUES (19, 19, ' Ejecutivo', 1, ' Calle 78 número 90', ' Escritorio y silla para trabajar', 30);

INSERT INTO Inmueble (IDINMUEBLE, OPERADORASOCIADO, CATEGORIA, CAPACIDAD, UBICACION, MENAJE, TAMANOENMTSQ) 
VALUES (20, 20, ' Doble', 2, ' Avenida 53 número 43', ' Microondas y nevera disponibles', 60);

INSERT INTO Inmueble (IDINMUEBLE, OPERADORASOCIADO, CATEGORIA, CAPACIDAD, UBICACION, MENAJE, TAMANOENMTSQ) 
VALUES (21, 21, ' Premium', 1, ' Carrera 70 número 31', ' Almohadas y cojines ergonómicos', 40);

INSERT INTO Inmueble (IDINMUEBLE, OPERADORASOCIADO, CATEGORIA, CAPACIDAD, UBICACION, MENAJE, TAMANOENMTSQ) 
VALUES (22, 22, ' Básico', 3, ' Calle 88 número 67', ' Cesto de la ropa sucia disponible', 41);

INSERT INTO Inmueble (IDINMUEBLE, OPERADORASOCIADO, CATEGORIA, CAPACIDAD, UBICACION, MENAJE, TAMANOENMTSQ) 
VALUES (23, 23, ' Económico', 3, ' Avenida 65 número 28', ' Elementos de iluminación suave y relajante', 31);

INSERT INTO Inmueble (IDINMUEBLE, OPERADORASOCIADO, CATEGORIA, CAPACIDAD, UBICACION, MENAJE, TAMANOENMTSQ) 
VALUES (24, 24, ' Ejecutivo', 2, ' Carrera 82 número 44', ' Taburete y mesita de noche', 30);

INSERT INTO Inmueble (IDINMUEBLE, OPERADORASOCIADO, CATEGORIA, CAPACIDAD, UBICACION, MENAJE, TAMANOENMTSQ) 
VALUES (25, 25, ' Doble', 3, ' Calle 59 número 82', ' Batidora y otros electrodomésticos disponibles', 53);

INSERT INTO Inmueble (IDINMUEBLE, OPERADORASOCIADO, CATEGORIA, CAPACIDAD, UBICACION, MENAJE, TAMANOENMTSQ) 
VALUES (26, 26, ' Premium', 3, ' Avenida 73 número 51', ' Juegos de mesa y baraja de cartas', 48);

INSERT INTO Inmueble (IDINMUEBLE, OPERADORASOCIADO, CATEGORIA, CAPACIDAD, UBICACION, MENAJE, TAMANOENMTSQ) 
VALUES (27, 27, ' Básico', 4, ' Carrera 56 número 39', ' Toallas de playa y sombrilla disponibles', 27);

INSERT INTO Inmueble (IDINMUEBLE, OPERADORASOCIADO, CATEGORIA, CAPACIDAD, UBICACION, MENAJE, TAMANOENMTSQ) 
VALUES (28, 28, ' Económico', 2, ' Calle 77 número 17', ' Utensilios de barbacoa y parrilla', 59);

INSERT INTO Inmueble (IDINMUEBLE, OPERADORASOCIADO, CATEGORIA, CAPACIDAD, UBICACION, MENAJE, TAMANOENMTSQ) 
VALUES (29, 29, ' Ejecutivo', 4, ' Avenida 66 número 96', ' Espejo de maquillaje y secador de pelo', 27);

INSERT INTO Inmueble (IDINMUEBLE, OPERADORASOCIADO, CATEGORIA, CAPACIDAD, UBICACION, MENAJE, TAMANOENMTSQ) 
VALUES (30, 30, ' Doble', 2, ' Carrera 63 número 58', ' Alfombra y cortinas a juego', 29);

INSERT INTO Inmueble (IDINMUEBLE, OPERADORASOCIADO, CATEGORIA, CAPACIDAD, UBICACION, MENAJE, TAMANOENMTSQ) 
VALUES (31, 31, ' Premium', 2, ' Calle 81 número 25', ' Caja fuerte para objetos de valor', 21);

INSERT INTO Inmueble (IDINMUEBLE, OPERADORASOCIADO, CATEGORIA, CAPACIDAD, UBICACION, MENAJE, TAMANOENMTSQ) 
VALUES (32, 32, ' Básico', 2, ' Avenida 55 número 68', ' Jarras y dispensadores de agua disponibles', 44);

INSERT INTO Inmueble (IDINMUEBLE, OPERADORASOCIADO, CATEGORIA, CAPACIDAD, UBICACION, MENAJE, TAMANOENMTSQ) 
VALUES (33, 33, ' Económico', 4, ' Carrera 72 número 73', ' Accesorios de cocina para repostería', 29);

INSERT INTO Inmueble (IDINMUEBLE, OPERADORASOCIADO, CATEGORIA, CAPACIDAD, UBICACION, MENAJE, TAMANOENMTSQ) 
VALUES (34, 34, ' Ejecutivo', 2, ' Calle 67 número 91', ' Soporte para dispositivos móviles', 34);

INSERT INTO Inmueble (IDINMUEBLE, OPERADORASOCIADO, CATEGORIA, CAPACIDAD, UBICACION, MENAJE, TAMANOENMTSQ) 
VALUES (35, 35, ' Doble', 3, ' Avenida 52 número 22', ' Mueble de almacenamiento adicional', 54);

INSERT INTO Inmueble (IDINMUEBLE, OPERADORASOCIADO, CATEGORIA, CAPACIDAD, UBICACION, MENAJE, TAMANOENMTSQ) 
VALUES (36, 36, ' Premium', 4, ' Carrera 76 número 57', ' Plancha de cocina y sartenes disponibles', 38);

INSERT INTO Inmueble (IDINMUEBLE, OPERADORASOCIADO, CATEGORIA, CAPACIDAD, UBICACION, MENAJE, TAMANOENMTSQ) 
VALUES (37, 37, ' Básico', 3, ' Calle 93 número 30', ' Mesa y sillas para exterior', 55);

INSERT INTO Inmueble (IDINMUEBLE, OPERADORASOCIADO, CATEGORIA, CAPACIDAD, UBICACION, MENAJE, TAMANOENMTSQ) 
VALUES (38, 38, ' Económico', 3, ' Avenida 69 número 10', ' Cojines y mantas para exteriores', 48);

INSERT INTO Inmueble (IDINMUEBLE, OPERADORASOCIADO, CATEGORIA, CAPACIDAD, UBICACION, MENAJE, TAMANOENMTSQ) 
VALUES (39, 39, ' Ejecutivo', 4, ' Carrera 60 número 84', ' Candelabros y velas disponibles', 53);

INSERT INTO Inmueble (IDINMUEBLE, OPERADORASOCIADO, CATEGORIA, CAPACIDAD, UBICACION, MENAJE, TAMANOENMTSQ) 
VALUES (40, 40, ' Doble', 3, ' Calle 85 número 42', ' Tostadora y hervidor de agua disponibles', 53);

INSERT INTO Inmueble (IDINMUEBLE, OPERADORASOCIADO, CATEGORIA, CAPACIDAD, UBICACION, MENAJE, TAMANOENMTSQ) 
VALUES (41, 41, ' Premium', 2, ' Avenida 58 número 81', ' Mesita de centro y sofá confortable', 48);

INSERT INTO Inmueble (IDINMUEBLE, OPERADORASOCIADO, CATEGORIA, CAPACIDAD, UBICACION, MENAJE, TAMANOENMTSQ) 
VALUES (42, 42, ' Básico', 2, ' Carrera 83 número 20', ' Colchas y cojines a juego', 23);

INSERT INTO Inmueble (IDINMUEBLE, OPERADORASOCIADO, CATEGORIA, CAPACIDAD, UBICACION, MENAJE, TAMANOENMTSQ) 
VALUES (43, 43, ' Económico', 4, ' Calle 71 número 75', ' Escalera para acceder a elementos altos', 20);

INSERT INTO Inmueble (IDINMUEBLE, OPERADORASOCIADO, CATEGORIA, CAPACIDAD, UBICACION, MENAJE, TAMANOENMTSQ) 
VALUES (44, 44, ' Ejecutivo', 2, ' Avenida 64 número 49', ' Iluminación inteligente y regulable', 33);

INSERT INTO Inmueble (IDINMUEBLE, OPERADORASOCIADO, CATEGORIA, CAPACIDAD, UBICACION, MENAJE, TAMANOENMTSQ) 
VALUES (45, 45, ' Doble', 2, ' Carrera 57 número 38', ' Accesorios de fitness y yoga', 59);

INSERT INTO Inmueble (IDINMUEBLE, OPERADORASOCIADO, CATEGORIA, CAPACIDAD, UBICACION, MENAJE, TAMANOENMTSQ) 
VALUES (46, 46, ' Premium', 1, ' Calle 96 número 16', ' Organizadores de ropa y calzado', 37);

INSERT INTO Inmueble (IDINMUEBLE, OPERADORASOCIADO, CATEGORIA, CAPACIDAD, UBICACION, MENAJE, TAMANOENMTSQ) 
VALUES (47, 47, ' Básico', 4, ' Avenida 67 número 65', ' Juegos de cama y cojines a juego', 40);

INSERT INTO Inmueble (IDINMUEBLE, OPERADORASOCIADO, CATEGORIA, CAPACIDAD, UBICACION, MENAJE, TAMANOENMTSQ) 
VALUES (48, 48, ' Económico', 2, ' Carrera 74 número 29', ' Máquina de café y suministros incluidos', 43);

INSERT INTO Inmueble (IDINMUEBLE, OPERADORASOCIADO, CATEGORIA, CAPACIDAD, UBICACION, MENAJE, TAMANOENMTSQ) 
VALUES (49, 49, ' Ejecutivo', 1, ' Calle 60 número 88', ' Cestas de almacenamiento adicionales', 58);

INSERT INTO Inmueble (IDINMUEBLE, OPERADORASOCIADO, CATEGORIA, CAPACIDAD, UBICACION, MENAJE, TAMANOENMTSQ) 
VALUES (50, 50, ' Doble', 3, ' Avenida 56 número 27', ' Toallero y perchero disponibles', 37);

SET DEFINE OFF

CREATE TABLE EmpresasAlojamiento ( IDOPERADOR NUMBER(38) primary key,
TIPOEMPRESA VARCHAR2(26) NOT NULL,
HORAAPERTURA NUMBER(38) NOT NULL,
HORACIERRE NUMBER(38) NOT NULL,
constraint FKEmpresaAlojamientoOperador foreign key (IDOPERADOR) references Operador(IDOPERADOR));

--drop table empresasalojamiento;

INSERT INTO EmpresasAlojamiento (IDOPERADOR, TIPOEMPRESA, HORAAPERTURA, HORACIERRE) 
VALUES (26, ' Arrendamiento', 8, 13);

INSERT INTO EmpresasAlojamiento (IDOPERADOR, TIPOEMPRESA, HORAAPERTURA, HORACIERRE) 
VALUES (27, ' Hotel', 2, 19);

INSERT INTO EmpresasAlojamiento (IDOPERADOR, TIPOEMPRESA, HORAAPERTURA, HORACIERRE) 
VALUES (28, ' Hostal', 6, 15);

INSERT INTO EmpresasAlojamiento (IDOPERADOR, TIPOEMPRESA, HORAAPERTURA, HORACIERRE) 
VALUES (29, ' Arrendamiento', 1, 13);

INSERT INTO EmpresasAlojamiento (IDOPERADOR, TIPOEMPRESA, HORAAPERTURA, HORACIERRE) 
VALUES (30, ' Hostal', 3, 18);

INSERT INTO EmpresasAlojamiento (IDOPERADOR, TIPOEMPRESA, HORAAPERTURA, HORACIERRE) 
VALUES (31, ' Hotel', 0, 19);

INSERT INTO EmpresasAlojamiento (IDOPERADOR, TIPOEMPRESA, HORAAPERTURA, HORACIERRE) 
VALUES (32, ' Arrendamiento', 10, 16);

INSERT INTO EmpresasAlojamiento (IDOPERADOR, TIPOEMPRESA, HORAAPERTURA, HORACIERRE) 
VALUES (33, ' Hostal', 7, 17);

INSERT INTO EmpresasAlojamiento (IDOPERADOR, TIPOEMPRESA, HORAAPERTURA, HORACIERRE) 
VALUES (34, ' Arrendamiento', 8, 14);

INSERT INTO EmpresasAlojamiento (IDOPERADOR, TIPOEMPRESA, HORAAPERTURA, HORACIERRE) 
VALUES (35, ' Hotel', 5, 15);

INSERT INTO EmpresasAlojamiento (IDOPERADOR, TIPOEMPRESA, HORAAPERTURA, HORACIERRE) 
VALUES (36, ' Arrendamiento', 0, 13);

INSERT INTO EmpresasAlojamiento (IDOPERADOR, TIPOEMPRESA, HORAAPERTURA, HORACIERRE) 
VALUES (37, ' Hostal', 11, 18);

INSERT INTO EmpresasAlojamiento (IDOPERADOR, TIPOEMPRESA, HORAAPERTURA, HORACIERRE) 
VALUES (38, ' Hotel', 0, 16);

INSERT INTO EmpresasAlojamiento (IDOPERADOR, TIPOEMPRESA, HORAAPERTURA, HORACIERRE) 
VALUES (39, ' Arrendamiento', 9, 14);

INSERT INTO EmpresasAlojamiento (IDOPERADOR, TIPOEMPRESA, HORAAPERTURA, HORACIERRE) 
VALUES (40, ' Arrendamiento', 6, 18);

INSERT INTO EmpresasAlojamiento (IDOPERADOR, TIPOEMPRESA, HORAAPERTURA, HORACIERRE) 
VALUES (41, ' Hostal', 11, 18);

INSERT INTO EmpresasAlojamiento (IDOPERADOR, TIPOEMPRESA, HORAAPERTURA, HORACIERRE) 
VALUES (42, ' Hotel', 0, 16);

INSERT INTO EmpresasAlojamiento (IDOPERADOR, TIPOEMPRESA, HORAAPERTURA, HORACIERRE) 
VALUES (43, ' Arrendamiento', 3, 18);

INSERT INTO EmpresasAlojamiento (IDOPERADOR, TIPOEMPRESA, HORAAPERTURA, HORACIERRE) 
VALUES (44, ' Hotel', 0, 19);

INSERT INTO EmpresasAlojamiento (IDOPERADOR, TIPOEMPRESA, HORAAPERTURA, HORACIERRE) 
VALUES (45, ' Hostal', 10, 16);

INSERT INTO EmpresasAlojamiento (IDOPERADOR, TIPOEMPRESA, HORAAPERTURA, HORACIERRE) 
VALUES (46, ' Arrendamiento', 8, 13);

INSERT INTO EmpresasAlojamiento (IDOPERADOR, TIPOEMPRESA, HORAAPERTURA, HORACIERRE) 
VALUES (47, ' Arrendamiento', 11, 16);

INSERT INTO EmpresasAlojamiento (IDOPERADOR, TIPOEMPRESA, HORAAPERTURA, HORACIERRE) 
VALUES (48, ' Hostal', 0, 16);

INSERT INTO EmpresasAlojamiento (IDOPERADOR, TIPOEMPRESA, HORAAPERTURA, HORACIERRE) 
VALUES (49, ' Hotel', 9, 14);

INSERT INTO EmpresasAlojamiento (IDOPERADOR, TIPOEMPRESA, HORAAPERTURA, HORACIERRE) 
VALUES (50, ' Arrendamiento', 6, 18);

SET DEFINE OFF

CREATE TABLE Habitacion ( IDINMUEBLE NUMBER(38) primary key,
TIPOHABITACION VARCHAR2(26) NOT NULL,
constraint FKHabitacionInmueble foreign key (IDINMUEBLE) references INMUEBLE(IDINMUEBLE));

--drop table habitacion;

INSERT INTO Habitacion (IDINMUEBLE, TIPOHABITACION) 
VALUES (26, ' Doble');

INSERT INTO Habitacion (IDINMUEBLE, TIPOHABITACION) 
VALUES (27, ' Compartida');

INSERT INTO Habitacion (IDINMUEBLE, TIPOHABITACION) 
VALUES (28, ' Privada');

INSERT INTO Habitacion (IDINMUEBLE, TIPOHABITACION) 
VALUES (29, ' Camarote');

INSERT INTO Habitacion (IDINMUEBLE, TIPOHABITACION) 
VALUES (30, ' Doble');

INSERT INTO Habitacion (IDINMUEBLE, TIPOHABITACION) 
VALUES (31, ' Individual');

INSERT INTO Habitacion (IDINMUEBLE, TIPOHABITACION) 
VALUES (32, ' Compartida');

INSERT INTO Habitacion (IDINMUEBLE, TIPOHABITACION) 
VALUES (33, ' Doble');

INSERT INTO Habitacion (IDINMUEBLE, TIPOHABITACION) 
VALUES (34, ' Privada');

INSERT INTO Habitacion (IDINMUEBLE, TIPOHABITACION) 
VALUES (35, ' Compartida');

INSERT INTO Habitacion (IDINMUEBLE, TIPOHABITACION) 
VALUES (36, ' Individual');

INSERT INTO Habitacion (IDINMUEBLE, TIPOHABITACION) 
VALUES (37, ' Doble');

INSERT INTO Habitacion (IDINMUEBLE, TIPOHABITACION) 
VALUES (38, ' Camarote');

INSERT INTO Habitacion (IDINMUEBLE, TIPOHABITACION) 
VALUES (39, ' Compartida');

INSERT INTO Habitacion (IDINMUEBLE, TIPOHABITACION) 
VALUES (40, ' Privada');

INSERT INTO Habitacion (IDINMUEBLE, TIPOHABITACION) 
VALUES (41, ' Individual');

INSERT INTO Habitacion (IDINMUEBLE, TIPOHABITACION) 
VALUES (42, ' Doble');

INSERT INTO Habitacion (IDINMUEBLE, TIPOHABITACION) 
VALUES (43, ' Compartida');

INSERT INTO Habitacion (IDINMUEBLE, TIPOHABITACION) 
VALUES (44, ' Camarote');

INSERT INTO Habitacion (IDINMUEBLE, TIPOHABITACION) 
VALUES (45, ' Privada');

INSERT INTO Habitacion (IDINMUEBLE, TIPOHABITACION) 
VALUES (46, ' Individual');

INSERT INTO Habitacion (IDINMUEBLE, TIPOHABITACION) 
VALUES (47, ' Compartida');

INSERT INTO Habitacion (IDINMUEBLE, TIPOHABITACION) 
VALUES (48, ' Doble');

INSERT INTO Habitacion (IDINMUEBLE, TIPOHABITACION) 
VALUES (49, ' Camarote');

INSERT INTO Habitacion (IDINMUEBLE, TIPOHABITACION) 
VALUES (50, ' Privada');

SET DEFINE OFF

CREATE TABLE OfertaAlojamiento ( IDOFERTA NUMBER(38) primary key,
PRECIOBASE NUMBER(38, 10) NOT NULL,
INMUEBLEASOCIADO NUMBER(38) NOT NULL,
OFERTAACTIVA NUMBER(38) NOT NULL,
OFERTADISPONIBLE NUMBER(38) NOT NULL,
MODALIDADTEMPORAL VARCHAR2(26) NOT NULL,
constraint FKOfertaAlojamientoInmueble foreign key (INMUEBLEASOCIADO) references INMUEBLE(IDINMUEBLE));

--drop table ofertaalojamiento;

INSERT INTO OfertaAlojamiento (IDOFERTA, PRECIOBASE, INMUEBLEASOCIADO, OFERTAACTIVA, OFERTADISPONIBLE, MODALIDADTEMPORAL) 
VALUES (1, 3018263.211009752, 1, 0, 1, 'Mes');

INSERT INTO OfertaAlojamiento (IDOFERTA, PRECIOBASE, INMUEBLEASOCIADO, OFERTAACTIVA, OFERTADISPONIBLE, MODALIDADTEMPORAL) 
VALUES (2, 3697911.1148205753, 2, 1, 0, 'Semana');

INSERT INTO OfertaAlojamiento (IDOFERTA, PRECIOBASE, INMUEBLEASOCIADO, OFERTAACTIVA, OFERTADISPONIBLE, MODALIDADTEMPORAL) 
VALUES (3, 2230979.5618871385, 3, 0, 1, 'Semestre');

INSERT INTO OfertaAlojamiento (IDOFERTA, PRECIOBASE, INMUEBLEASOCIADO, OFERTAACTIVA, OFERTADISPONIBLE, MODALIDADTEMPORAL) 
VALUES (4, 3654968.962977705, 4, 0, 0, 'Bimestre');

INSERT INTO OfertaAlojamiento (IDOFERTA, PRECIOBASE, INMUEBLEASOCIADO, OFERTAACTIVA, OFERTADISPONIBLE, MODALIDADTEMPORAL) 
VALUES (5, 3318883.1483903877, 5, 1, 1, 'Mes');

INSERT INTO OfertaAlojamiento (IDOFERTA, PRECIOBASE, INMUEBLEASOCIADO, OFERTAACTIVA, OFERTADISPONIBLE, MODALIDADTEMPORAL) 
VALUES (6, 2190095.96001474, 6, 1, 1, 'Semana');

INSERT INTO OfertaAlojamiento (IDOFERTA, PRECIOBASE, INMUEBLEASOCIADO, OFERTAACTIVA, OFERTADISPONIBLE, MODALIDADTEMPORAL) 
VALUES (7, 3045229.47374532, 7, 1, 0, 'Bimestre');

INSERT INTO OfertaAlojamiento (IDOFERTA, PRECIOBASE, INMUEBLEASOCIADO, OFERTAACTIVA, OFERTADISPONIBLE, MODALIDADTEMPORAL) 
VALUES (8, 2160747.5085419226, 8, 1, 0, 'Semestre');

INSERT INTO OfertaAlojamiento (IDOFERTA, PRECIOBASE, INMUEBLEASOCIADO, OFERTAACTIVA, OFERTADISPONIBLE, MODALIDADTEMPORAL) 
VALUES (9, 1645645.8401014595, 9, 0, 1, 'Semana');

INSERT INTO OfertaAlojamiento (IDOFERTA, PRECIOBASE, INMUEBLEASOCIADO, OFERTAACTIVA, OFERTADISPONIBLE, MODALIDADTEMPORAL) 
VALUES (10, 1518964.6589686386, 10, 0, 0, ' Mes');

INSERT INTO OfertaAlojamiento (IDOFERTA, PRECIOBASE, INMUEBLEASOCIADO, OFERTAACTIVA, OFERTADISPONIBLE, MODALIDADTEMPORAL) 
VALUES (11, 1452236.5006594376, 11, 1, 1, ' Semestre');

INSERT INTO OfertaAlojamiento (IDOFERTA, PRECIOBASE, INMUEBLEASOCIADO, OFERTAACTIVA, OFERTADISPONIBLE, MODALIDADTEMPORAL) 
VALUES (12, 1527659.271855343, 12, 1, 1, ' Bimestre');

INSERT INTO OfertaAlojamiento (IDOFERTA, PRECIOBASE, INMUEBLEASOCIADO, OFERTAACTIVA, OFERTADISPONIBLE, MODALIDADTEMPORAL) 
VALUES (13, 3412120.103369899, 13, 1, 0, ' Mes');

INSERT INTO OfertaAlojamiento (IDOFERTA, PRECIOBASE, INMUEBLEASOCIADO, OFERTAACTIVA, OFERTADISPONIBLE, MODALIDADTEMPORAL) 
VALUES (14, 2909446.135899163, 14, 0, 0, ' Semana');

INSERT INTO OfertaAlojamiento (IDOFERTA, PRECIOBASE, INMUEBLEASOCIADO, OFERTAACTIVA, OFERTADISPONIBLE, MODALIDADTEMPORAL) 
VALUES (15, 1554567.0898734871, 15, 1, 1, ' Bimestre');

INSERT INTO OfertaAlojamiento (IDOFERTA, PRECIOBASE, INMUEBLEASOCIADO, OFERTAACTIVA, OFERTADISPONIBLE, MODALIDADTEMPORAL) 
VALUES (16, 1913069.3233323318, 16, 1, 0, ' Semestre');

INSERT INTO OfertaAlojamiento (IDOFERTA, PRECIOBASE, INMUEBLEASOCIADO, OFERTAACTIVA, OFERTADISPONIBLE, MODALIDADTEMPORAL) 
VALUES (17, 2984686.9033669652, 17, 0, 0, ' Mes');

INSERT INTO OfertaAlojamiento (IDOFERTA, PRECIOBASE, INMUEBLEASOCIADO, OFERTAACTIVA, OFERTADISPONIBLE, MODALIDADTEMPORAL) 
VALUES (18, 1030318.5454495127, 18, 0, 1, ' Semana');

INSERT INTO OfertaAlojamiento (IDOFERTA, PRECIOBASE, INMUEBLEASOCIADO, OFERTAACTIVA, OFERTADISPONIBLE, MODALIDADTEMPORAL) 
VALUES (19, 2544646.494367339, 19, 1, 1, ' Bimestre');

INSERT INTO OfertaAlojamiento (IDOFERTA, PRECIOBASE, INMUEBLEASOCIADO, OFERTAACTIVA, OFERTADISPONIBLE, MODALIDADTEMPORAL) 
VALUES (20, 3028857.5652957316, 20, 1, 1, ' Semestre');

INSERT INTO OfertaAlojamiento (IDOFERTA, PRECIOBASE, INMUEBLEASOCIADO, OFERTAACTIVA, OFERTADISPONIBLE, MODALIDADTEMPORAL) 
VALUES (21, 2766887.8329320746, 21, 1, 1, ' Mes');

INSERT INTO OfertaAlojamiento (IDOFERTA, PRECIOBASE, INMUEBLEASOCIADO, OFERTAACTIVA, OFERTADISPONIBLE, MODALIDADTEMPORAL) 
VALUES (22, 1298205.340684582, 22, 0, 1, ' Semana');

INSERT INTO OfertaAlojamiento (IDOFERTA, PRECIOBASE, INMUEBLEASOCIADO, OFERTAACTIVA, OFERTADISPONIBLE, MODALIDADTEMPORAL) 
VALUES (23, 1469832.8120008034, 23, 1, 1, ' Bimestre');

INSERT INTO OfertaAlojamiento (IDOFERTA, PRECIOBASE, INMUEBLEASOCIADO, OFERTAACTIVA, OFERTADISPONIBLE, MODALIDADTEMPORAL) 
VALUES (24, 1863948.334720483, 24, 1, 1, ' Semestre');

INSERT INTO OfertaAlojamiento (IDOFERTA, PRECIOBASE, INMUEBLEASOCIADO, OFERTAACTIVA, OFERTADISPONIBLE, MODALIDADTEMPORAL) 
VALUES (25, 1641109.8759641142, 25, 1, 1, ' Mes');

INSERT INTO OfertaAlojamiento (IDOFERTA, PRECIOBASE, INMUEBLEASOCIADO, OFERTAACTIVA, OFERTADISPONIBLE, MODALIDADTEMPORAL) 
VALUES (26, 2361158.9502560897, 26, 0, 1, ' Semana');

INSERT INTO OfertaAlojamiento (IDOFERTA, PRECIOBASE, INMUEBLEASOCIADO, OFERTAACTIVA, OFERTADISPONIBLE, MODALIDADTEMPORAL) 
VALUES (27, 1403419.9581690927, 27, 1, 1, ' Bimestre');

INSERT INTO OfertaAlojamiento (IDOFERTA, PRECIOBASE, INMUEBLEASOCIADO, OFERTAACTIVA, OFERTADISPONIBLE, MODALIDADTEMPORAL) 
VALUES (28, 1430502.0623936285, 28, 1, 1, ' Semestre');

INSERT INTO OfertaAlojamiento (IDOFERTA, PRECIOBASE, INMUEBLEASOCIADO, OFERTAACTIVA, OFERTADISPONIBLE, MODALIDADTEMPORAL) 
VALUES (29, 2127224.9121850636, 29, 0, 1, ' Mes');

INSERT INTO OfertaAlojamiento (IDOFERTA, PRECIOBASE, INMUEBLEASOCIADO, OFERTAACTIVA, OFERTADISPONIBLE, MODALIDADTEMPORAL) 
VALUES (30, 1876285.2809008437, 30, 1, 1, ' Semana');

INSERT INTO OfertaAlojamiento (IDOFERTA, PRECIOBASE, INMUEBLEASOCIADO, OFERTAACTIVA, OFERTADISPONIBLE, MODALIDADTEMPORAL) 
VALUES (31, 1189839.3281523737, 31, 0, 0, ' Bimestre');

INSERT INTO OfertaAlojamiento (IDOFERTA, PRECIOBASE, INMUEBLEASOCIADO, OFERTAACTIVA, OFERTADISPONIBLE, MODALIDADTEMPORAL) 
VALUES (32, 3337439.184618684, 32, 0, 1, ' Semestre');

INSERT INTO OfertaAlojamiento (IDOFERTA, PRECIOBASE, INMUEBLEASOCIADO, OFERTAACTIVA, OFERTADISPONIBLE, MODALIDADTEMPORAL) 
VALUES (33, 1635500.8314459317, 33, 0, 0, ' Mes');

INSERT INTO OfertaAlojamiento (IDOFERTA, PRECIOBASE, INMUEBLEASOCIADO, OFERTAACTIVA, OFERTADISPONIBLE, MODALIDADTEMPORAL) 
VALUES (34, 2811283.6831919253, 34, 0, 1, ' Semana');

INSERT INTO OfertaAlojamiento (IDOFERTA, PRECIOBASE, INMUEBLEASOCIADO, OFERTAACTIVA, OFERTADISPONIBLE, MODALIDADTEMPORAL) 
VALUES (35, 1814174.0606957981, 35, 0, 0, ' Bimestre');

INSERT INTO OfertaAlojamiento (IDOFERTA, PRECIOBASE, INMUEBLEASOCIADO, OFERTAACTIVA, OFERTADISPONIBLE, MODALIDADTEMPORAL) 
VALUES (36, 2081645.4200822457, 36, 1, 1, ' Semestre');

INSERT INTO OfertaAlojamiento (IDOFERTA, PRECIOBASE, INMUEBLEASOCIADO, OFERTAACTIVA, OFERTADISPONIBLE, MODALIDADTEMPORAL) 
VALUES (37, 1000315.8324969909, 37, 0, 0, ' Mes');

INSERT INTO OfertaAlojamiento (IDOFERTA, PRECIOBASE, INMUEBLEASOCIADO, OFERTAACTIVA, OFERTADISPONIBLE, MODALIDADTEMPORAL) 
VALUES (38, 1218849.955216109, 38, 1, 0, ' Semana');

INSERT INTO OfertaAlojamiento (IDOFERTA, PRECIOBASE, INMUEBLEASOCIADO, OFERTAACTIVA, OFERTADISPONIBLE, MODALIDADTEMPORAL) 
VALUES (39, 1795988.044259009, 39, 1, 1, ' Bimestre');

INSERT INTO OfertaAlojamiento (IDOFERTA, PRECIOBASE, INMUEBLEASOCIADO, OFERTAACTIVA, OFERTADISPONIBLE, MODALIDADTEMPORAL) 
VALUES (40, 2647517.484930757, 40, 0, 0, ' Semestre');

INSERT INTO OfertaAlojamiento (IDOFERTA, PRECIOBASE, INMUEBLEASOCIADO, OFERTAACTIVA, OFERTADISPONIBLE, MODALIDADTEMPORAL) 
VALUES (41, 2835867.9877810944, 41, 0, 0, ' Mes');

INSERT INTO OfertaAlojamiento (IDOFERTA, PRECIOBASE, INMUEBLEASOCIADO, OFERTAACTIVA, OFERTADISPONIBLE, MODALIDADTEMPORAL) 
VALUES (42, 3036133.739610073, 42, 0, 1, ' Semana');

INSERT INTO OfertaAlojamiento (IDOFERTA, PRECIOBASE, INMUEBLEASOCIADO, OFERTAACTIVA, OFERTADISPONIBLE, MODALIDADTEMPORAL) 
VALUES (43, 1725352.0727814655, 43, 1, 0, ' Bimestre');

INSERT INTO OfertaAlojamiento (IDOFERTA, PRECIOBASE, INMUEBLEASOCIADO, OFERTAACTIVA, OFERTADISPONIBLE, MODALIDADTEMPORAL) 
VALUES (44, 2840097.8953100103, 44, 0, 0, ' Semestre');

INSERT INTO OfertaAlojamiento (IDOFERTA, PRECIOBASE, INMUEBLEASOCIADO, OFERTAACTIVA, OFERTADISPONIBLE, MODALIDADTEMPORAL) 
VALUES (45, 2262304.5619977186, 45, 1, 1, ' Mes');

INSERT INTO OfertaAlojamiento (IDOFERTA, PRECIOBASE, INMUEBLEASOCIADO, OFERTAACTIVA, OFERTADISPONIBLE, MODALIDADTEMPORAL) 
VALUES (46, 1233181.7427667335, 46, 0, 0, ' Semana');

INSERT INTO OfertaAlojamiento (IDOFERTA, PRECIOBASE, INMUEBLEASOCIADO, OFERTAACTIVA, OFERTADISPONIBLE, MODALIDADTEMPORAL) 
VALUES (47, 1284132.6408707595, 47, 1, 0, ' Bimestre');

INSERT INTO OfertaAlojamiento (IDOFERTA, PRECIOBASE, INMUEBLEASOCIADO, OFERTAACTIVA, OFERTADISPONIBLE, MODALIDADTEMPORAL) 
VALUES (48, 2978080.294852545, 48, 0, 1, ' Semestre');

INSERT INTO OfertaAlojamiento (IDOFERTA, PRECIOBASE, INMUEBLEASOCIADO, OFERTAACTIVA, OFERTADISPONIBLE, MODALIDADTEMPORAL) 
VALUES (49, 1095097.856970405, 49, 0, 1, ' Mes');

INSERT INTO OfertaAlojamiento (IDOFERTA, PRECIOBASE, INMUEBLEASOCIADO, OFERTAACTIVA, OFERTADISPONIBLE, MODALIDADTEMPORAL) 
VALUES (50, 3045353.4648343753, 50, 0, 1, ' Semana');

SET DEFINE OFF
--
CREATE TABLE PersonasNaturales ( IDOPERADOR NUMBER(38),
OFRECEALOJAMIENTOPORDIAS NUMBER(38) NOT NULL,
constraint FKPersonasNaturalesOperador foreign key (IDOPERADOR) references Operador(IDOPERADOR));

--drop table personasnaturales;

INSERT INTO PersonasNaturales (IDOPERADOR, OFRECEALOJAMIENTOPORDIAS) 
VALUES (1, 1);

INSERT INTO PersonasNaturales (IDOPERADOR, OFRECEALOJAMIENTOPORDIAS) 
VALUES (2, 0);

INSERT INTO PersonasNaturales (IDOPERADOR, OFRECEALOJAMIENTOPORDIAS) 
VALUES (3, 0);

INSERT INTO PersonasNaturales (IDOPERADOR, OFRECEALOJAMIENTOPORDIAS) 
VALUES (4, 0);

INSERT INTO PersonasNaturales (IDOPERADOR, OFRECEALOJAMIENTOPORDIAS) 
VALUES (5, 0);

INSERT INTO PersonasNaturales (IDOPERADOR, OFRECEALOJAMIENTOPORDIAS) 
VALUES (6, 0);

INSERT INTO PersonasNaturales (IDOPERADOR, OFRECEALOJAMIENTOPORDIAS) 
VALUES (7, 1);

INSERT INTO PersonasNaturales (IDOPERADOR, OFRECEALOJAMIENTOPORDIAS) 
VALUES (8, 0);

INSERT INTO PersonasNaturales (IDOPERADOR, OFRECEALOJAMIENTOPORDIAS) 
VALUES (9, 1);

INSERT INTO PersonasNaturales (IDOPERADOR, OFRECEALOJAMIENTOPORDIAS) 
VALUES (10, 1);

INSERT INTO PersonasNaturales (IDOPERADOR, OFRECEALOJAMIENTOPORDIAS) 
VALUES (11, 0);

INSERT INTO PersonasNaturales (IDOPERADOR, OFRECEALOJAMIENTOPORDIAS) 
VALUES (12, 0);

INSERT INTO PersonasNaturales (IDOPERADOR, OFRECEALOJAMIENTOPORDIAS) 
VALUES (13, 0);

INSERT INTO PersonasNaturales (IDOPERADOR, OFRECEALOJAMIENTOPORDIAS) 
VALUES (14, 1);

INSERT INTO PersonasNaturales (IDOPERADOR, OFRECEALOJAMIENTOPORDIAS) 
VALUES (15, 1);

INSERT INTO PersonasNaturales (IDOPERADOR, OFRECEALOJAMIENTOPORDIAS) 
VALUES (16, 0);

INSERT INTO PersonasNaturales (IDOPERADOR, OFRECEALOJAMIENTOPORDIAS) 
VALUES (17, 0);

INSERT INTO PersonasNaturales (IDOPERADOR, OFRECEALOJAMIENTOPORDIAS) 
VALUES (18, 1);

INSERT INTO PersonasNaturales (IDOPERADOR, OFRECEALOJAMIENTOPORDIAS) 
VALUES (19, 0);

INSERT INTO PersonasNaturales (IDOPERADOR, OFRECEALOJAMIENTOPORDIAS) 
VALUES (20, 0);

INSERT INTO PersonasNaturales (IDOPERADOR, OFRECEALOJAMIENTOPORDIAS) 
VALUES (21, 0);

INSERT INTO PersonasNaturales (IDOPERADOR, OFRECEALOJAMIENTOPORDIAS) 
VALUES (22, 1);

INSERT INTO PersonasNaturales (IDOPERADOR, OFRECEALOJAMIENTOPORDIAS) 
VALUES (23, 1);

INSERT INTO PersonasNaturales (IDOPERADOR, OFRECEALOJAMIENTOPORDIAS) 
VALUES (24, 1);

INSERT INTO PersonasNaturales (IDOPERADOR, OFRECEALOJAMIENTOPORDIAS) 
VALUES (25, 1);

SET DEFINE OFF

CREATE TABLE Reserva ( IDCLIENTEASOCIADO NUMBER(38),
IDOFERTAASOCIADA NUMBER(38),
PROMOCIONESACTIVAS VARCHAR2(128),
FECHAINICIALRESERVA DATE NOT NULL,
FECHAFINALRESERVA DATE NOT NULL,
FECHARESERVA DATE NOT NULL,
FECHACANCELACION DATE,
constraint FKReservaCliente foreign key (IDCLIENTEASOCIADO) references CLIENTE(IDCLIENTE),
constraint FKReservaOferta foreign key (IDOFERTAASOCIADA) references OFERTAALOJAMIENTO(IDOFERTA),
constraint PKReserva primary key (IDCLIENTEASOCIADO,IDOFERTAASOCIADA));

--drop table Reserva;

INSERT INTO Reserva (IDCLIENTEASOCIADO, IDOFERTAASOCIADA, PROMOCIONESACTIVAS, FECHAINICIALRESERVA, FECHAFINALRESERVA, FECHARESERVA, FECHACANCELACION) 
VALUES (1, 1, 'Primer mes gratis', to_date('08/03/2023', 'DD/MM/YYYY'), to_date('08/06/2023', 'DD/MM/YYYY'), to_date('14/12/2022', 'DD/MM/YYYY'), to_date('09/05/2023', 'DD/MM/YYYY'));

INSERT INTO Reserva (IDCLIENTEASOCIADO, IDOFERTAASOCIADA, PROMOCIONESACTIVAS, FECHAINICIALRESERVA, FECHAFINALRESERVA, FECHARESERVA, FECHACANCELACION) 
VALUES (2, 2, 'Descuento del 10% en el arriendo', to_date('11/02/2023', 'DD/MM/YYYY'), to_date('09/06/2023', 'DD/MM/YYYY'), to_date('25/12/2022', 'DD/MM/YYYY'), NULL);

INSERT INTO Reserva (IDCLIENTEASOCIADO, IDOFERTAASOCIADA, PROMOCIONESACTIVAS, FECHAINICIALRESERVA, FECHAFINALRESERVA, FECHARESERVA, FECHACANCELACION) 
VALUES (3, 3, 'Servicios incluidos en el precio del arriendo', to_date('25/02/2023', 'DD/MM/YYYY'), to_date('07/06/2023', 'DD/MM/YYYY'), to_date('11/12/2022', 'DD/MM/YYYY'), NULL);

INSERT INTO Reserva (IDCLIENTEASOCIADO, IDOFERTAASOCIADA, PROMOCIONESACTIVAS, FECHAINICIALRESERVA, FECHAFINALRESERVA, FECHARESERVA, FECHACANCELACION) 
VALUES (4, 4, 'Descuento en la mudanza', to_date('26/02/2023', 'DD/MM/YYYY'), to_date('20/05/2023', 'DD/MM/YYYY'), to_date('05/12/2022', 'DD/MM/YYYY'), NULL);

INSERT INTO Reserva (IDCLIENTEASOCIADO, IDOFERTAASOCIADA, PROMOCIONESACTIVAS, FECHAINICIALRESERVA, FECHAFINALRESERVA, FECHARESERVA, FECHACANCELACION) 
VALUES (5, 5, 'Sin gastos de administración', to_date('05/02/2023', 'DD/MM/YYYY'), to_date('28/05/2023', 'DD/MM/YYYY'), to_date('18/11/2022', 'DD/MM/YYYY'), NULL);

INSERT INTO Reserva (IDCLIENTEASOCIADO, IDOFERTAASOCIADA, PROMOCIONESACTIVAS, FECHAINICIALRESERVA, FECHAFINALRESERVA, FECHARESERVA, FECHACANCELACION) 
VALUES (6, 6, 'Limpieza semanal incluida en el precio', to_date('23/02/2023', 'DD/MM/YYYY'), to_date('02/06/2023', 'DD/MM/YYYY'), to_date('01/12/2022', 'DD/MM/YYYY'), NULL);

INSERT INTO Reserva (IDCLIENTEASOCIADO, IDOFERTAASOCIADA, PROMOCIONESACTIVAS, FECHAINICIALRESERVA, FECHAFINALRESERVA, FECHARESERVA, FECHACANCELACION) 
VALUES (7, 7, 'Descuento en la renovación del contrato', to_date('02/03/2023', 'DD/MM/YYYY'), to_date('04/06/2023', 'DD/MM/YYYY'), to_date('21/11/2022', 'DD/MM/YYYY'), NULL);

INSERT INTO Reserva (IDCLIENTEASOCIADO, IDOFERTAASOCIADA, PROMOCIONESACTIVAS, FECHAINICIALRESERVA, FECHAFINALRESERVA, FECHARESERVA, FECHACANCELACION) 
VALUES (8, 8, 'Mantenimiento gratis por un año', to_date('03/02/2023', 'DD/MM/YYYY'), to_date('27/05/2023', 'DD/MM/YYYY'), to_date('06/12/2022', 'DD/MM/YYYY'), to_date(' 30/04/2023', 'DD/MM/YYYY'));

INSERT INTO Reserva (IDCLIENTEASOCIADO, IDOFERTAASOCIADA, PROMOCIONESACTIVAS, FECHAINICIALRESERVA, FECHAFINALRESERVA, FECHARESERVA, FECHACANCELACION) 
VALUES (9, 9, 'Incluye todos los electrodomésticos', to_date('06/03/2023', 'DD/MM/YYYY'), to_date('14/06/2023', 'DD/MM/YYYY'), to_date('27/11/2022', 'DD/MM/YYYY'), to_date(' 17/05/2023', 'DD/MM/YYYY'));

INSERT INTO Reserva (IDCLIENTEASOCIADO, IDOFERTAASOCIADA, PROMOCIONESACTIVAS, FECHAINICIALRESERVA, FECHAFINALRESERVA, FECHARESERVA, FECHACANCELACION) 
VALUES (10, 10, ' Descuento en la garantía', to_date(' 07/02/2023', 'DD/MM/YYYY'), to_date(' 06/06/2023', 'DD/MM/YYYY'), to_date(' 08/11/2022', 'DD/MM/YYYY'), NULL);

INSERT INTO Reserva (IDCLIENTEASOCIADO, IDOFERTAASOCIADA, PROMOCIONESACTIVAS, FECHAINICIALRESERVA, FECHAFINALRESERVA, FECHARESERVA, FECHACANCELACION) 
VALUES (11, 11, ' Estacionamiento gratuito por un mes', to_date(' 28/02/2023', 'DD/MM/YYYY'), to_date(' 03/06/2023', 'DD/MM/YYYY'), to_date(' 12/11/2022', 'DD/MM/YYYY'), NULL);

INSERT INTO Reserva (IDCLIENTEASOCIADO, IDOFERTAASOCIADA, PROMOCIONESACTIVAS, FECHAINICIALRESERVA, FECHAFINALRESERVA, FECHARESERVA, FECHACANCELACION) 
VALUES (12, 12, ' Primeros 2 meses al 50% de descuento', to_date(' 09/03/2023', 'DD/MM/YYYY'), to_date(' 19/06/2023', 'DD/MM/YYYY'), to_date(' 26/11/2022', 'DD/MM/YYYY'), NULL);

INSERT INTO Reserva (IDCLIENTEASOCIADO, IDOFERTAASOCIADA, PROMOCIONESACTIVAS, FECHAINICIALRESERVA, FECHAFINALRESERVA, FECHARESERVA, FECHACANCELACION) 
VALUES (13, 13, ' Descuento en la mudanza con nuestro servicio de fletes', to_date(' 03/03/2023', 'DD/MM/YYYY'), to_date(' 16/06/2023', 'DD/MM/YYYY'), to_date(' 09/11/2022', 'DD/MM/YYYY'), NULL);

INSERT INTO Reserva (IDCLIENTEASOCIADO, IDOFERTAASOCIADA, PROMOCIONESACTIVAS, FECHAINICIALRESERVA, FECHAFINALRESERVA, FECHARESERVA, FECHACANCELACION) 
VALUES (14, 14, ' Incluye servicio de internet', to_date(' 01/03/2023', 'DD/MM/YYYY'), to_date(' 23/05/2023', 'DD/MM/YYYY'), to_date(' 22/11/2022', 'DD/MM/YYYY'), to_date('16/06/2023', 'DD/MM/YYYY'));

INSERT INTO Reserva (IDCLIENTEASOCIADO, IDOFERTAASOCIADA, PROMOCIONESACTIVAS, FECHAINICIALRESERVA, FECHAFINALRESERVA, FECHARESERVA, FECHACANCELACION) 
VALUES (15, 15, ' Sin aumento en el precio del arriendo por 2 años', to_date(' 18/02/2023', 'DD/MM/YYYY'), to_date(' 29/05/2023', 'DD/MM/YYYY'), to_date(' 03/12/2022', 'DD/MM/YYYY'), to_date('10/06/2023', 'DD/MM/YYYY'));

INSERT INTO Reserva (IDCLIENTEASOCIADO, IDOFERTAASOCIADA, PROMOCIONESACTIVAS, FECHAINICIALRESERVA, FECHAFINALRESERVA, FECHARESERVA, FECHACANCELACION) 
VALUES (16, 16, ' Mes adicional de arriendo gratis por renovación anticipada', to_date(' 22/02/2023', 'DD/MM/YYYY'), to_date(' 22/05/2023', 'DD/MM/YYYY'), to_date(' 24/11/2022', 'DD/MM/YYYY'), NULL);

INSERT INTO Reserva (IDCLIENTEASOCIADO, IDOFERTAASOCIADA, PROMOCIONESACTIVAS, FECHAINICIALRESERVA, FECHAFINALRESERVA, FECHARESERVA, FECHACANCELACION) 
VALUES (17, 17, ' Descuento en el precio de la luz y el gas', to_date(' 04/03/2023', 'DD/MM/YYYY'), to_date(' 05/06/2023', 'DD/MM/YYYY'), to_date(' 20/11/2022', 'DD/MM/YYYY'), NULL);

INSERT INTO Reserva (IDCLIENTEASOCIADO, IDOFERTAASOCIADA, PROMOCIONESACTIVAS, FECHAINICIALRESERVA, FECHAFINALRESERVA, FECHARESERVA, FECHACANCELACION) 
VALUES (18, 18, ' Decoración gratis para la sala de estar', to_date(' 17/02/2023', 'DD/MM/YYYY'), to_date(' 17/05/2023', 'DD/MM/YYYY'), to_date(' 01/12/2022', 'DD/MM/YYYY'), NULL);

INSERT INTO Reserva (IDCLIENTEASOCIADO, IDOFERTAASOCIADA, PROMOCIONESACTIVAS, FECHAINICIALRESERVA, FECHAFINALRESERVA, FECHARESERVA, FECHACANCELACION) 
VALUES (19, 19, ' Limpieza profunda gratis antes de la mudanza', to_date(' 24/02/2023', 'DD/MM/YYYY'), to_date(' 18/05/2023', 'DD/MM/YYYY'), to_date(' 10/11/2022', 'DD/MM/YYYY'), NULL);

INSERT INTO Reserva (IDCLIENTEASOCIADO, IDOFERTAASOCIADA, PROMOCIONESACTIVAS, FECHAINICIALRESERVA, FECHAFINALRESERVA, FECHARESERVA, FECHACANCELACION) 
VALUES (20, 20, ' Descuento para estudiantes', to_date(' 20/02/2023', 'DD/MM/YYYY'), to_date(' 12/06/2023', 'DD/MM/YYYY'), to_date(' 23/11/2022', 'DD/MM/YYYY'), to_date(' 06/05/2023', 'DD/MM/YYYY'));

INSERT INTO Reserva (IDCLIENTEASOCIADO, IDOFERTAASOCIADA, PROMOCIONESACTIVAS, FECHAINICIALRESERVA, FECHAFINALRESERVA, FECHARESERVA, FECHACANCELACION) 
VALUES (21, 21, ' Mes adicional gratis por recomendación de un amigo', to_date(' 12/02/2023', 'DD/MM/YYYY'), to_date(' 11/05/2023', 'DD/MM/YYYY'), to_date(' 17/11/2022', 'DD/MM/YYYY'), NULL);

INSERT INTO Reserva (IDCLIENTEASOCIADO, IDOFERTAASOCIADA, PROMOCIONESACTIVAS, FECHAINICIALRESERVA, FECHAFINALRESERVA, FECHARESERVA, FECHACANCELACION) 
VALUES (22, 22, ' Incluye servicio de televisión por cable', to_date(' 13/03/2023', 'DD/MM/YYYY'), to_date(' 30/05/2023', 'DD/MM/YYYY'), to_date(' 07/12/2022', 'DD/MM/YYYY'), NULL);

INSERT INTO Reserva (IDCLIENTEASOCIADO, IDOFERTAASOCIADA, PROMOCIONESACTIVAS, FECHAINICIALRESERVA, FECHAFINALRESERVA, FECHARESERVA, FECHACANCELACION) 
VALUES (23, 23, ' Descuento en el primer mes de arriendo', to_date(' 26/02/2023', 'DD/MM/YYYY'), to_date(' 31/05/2023', 'DD/MM/YYYY'), to_date(' 04/12/2022', 'DD/MM/YYYY'), NULL);

INSERT INTO Reserva (IDCLIENTEASOCIADO, IDOFERTAASOCIADA, PROMOCIONESACTIVAS, FECHAINICIALRESERVA, FECHAFINALRESERVA, FECHARESERVA, FECHACANCELACION) 
VALUES (24, 24, ' Servicio de mantenimiento 24 horas incluido', to_date(' 27/02/2023', 'DD/MM/YYYY'), to_date(' 13/05/2023', 'DD/MM/YYYY'), to_date(' 15/11/2022', 'DD/MM/YYYY'), NULL);

INSERT INTO Reserva (IDCLIENTEASOCIADO, IDOFERTAASOCIADA, PROMOCIONESACTIVAS, FECHAINICIALRESERVA, FECHAFINALRESERVA, FECHARESERVA, FECHACANCELACION) 
VALUES (25, 25, ' Descuento en la mudanza con nuestro servicio de mudanzas asociado', to_date(' 10/02/2023', 'DD/MM/YYYY'), to_date(' 25/05/2023', 'DD/MM/YYYY'), to_date(' 29/11/2022', 'DD/MM/YYYY'), to_date(' 20/06/2023', 'DD/MM/YYYY'));

INSERT INTO Reserva (IDCLIENTEASOCIADO, IDOFERTAASOCIADA, PROMOCIONESACTIVAS, FECHAINICIALRESERVA, FECHAFINALRESERVA, FECHARESERVA, FECHACANCELACION) 
VALUES (26, 26, ' 2 meses de arriendo gratis por renovación anticipada de 2 años', to_date(' 01/02/2023', 'DD/MM/YYYY'), to_date(' 10/06/2023', 'DD/MM/YYYY'), to_date(' 30/11/2022', 'DD/MM/YYYY'), to_date(' 13/06/2023', 'DD/MM/YYYY'));

INSERT INTO Reserva (IDCLIENTEASOCIADO, IDOFERTAASOCIADA, PROMOCIONESACTIVAS, FECHAINICIALRESERVA, FECHAFINALRESERVA, FECHARESERVA, FECHACANCELACION) 
VALUES (27, 27, ' Descuento en la garantía por renovación anticipada', to_date(' 16/02/2023', 'DD/MM/YYYY'), to_date(' 15/06/2023', 'DD/MM/YYYY'), to_date(' 28/11/2022', 'DD/MM/YYYY'), to_date(' 16/05/2023', 'DD/MM/YYYY'));

INSERT INTO Reserva (IDCLIENTEASOCIADO, IDOFERTAASOCIADA, PROMOCIONESACTIVAS, FECHAINICIALRESERVA, FECHAFINALRESERVA, FECHARESERVA, FECHACANCELACION) 
VALUES (28, 28, ' Incluye servicio de agua', to_date(' 22/03/2023', 'DD/MM/YYYY'), to_date(' 21/06/2023', 'DD/MM/YYYY'), to_date(' 19/11/2022', 'DD/MM/YYYY'), NULL);

INSERT INTO Reserva (IDCLIENTEASOCIADO, IDOFERTAASOCIADA, PROMOCIONESACTIVAS, FECHAINICIALRESERVA, FECHAFINALRESERVA, FECHARESERVA, FECHACANCELACION) 
VALUES (29, 29, ' Sin gastos de transferencia', to_date(' 06/02/2023', 'DD/MM/YYYY'), to_date(' 01/06/2023', 'DD/MM/YYYY'), to_date(' 13/11/2022', 'DD/MM/YYYY'), NULL);

INSERT INTO Reserva (IDCLIENTEASOCIADO, IDOFERTAASOCIADA, PROMOCIONESACTIVAS, FECHAINICIALRESERVA, FECHAFINALRESERVA, FECHARESERVA, FECHACANCELACION) 
VALUES (30, 30, ' Descuento en el arriendo por pago adelantado', to_date(' 19/02/2023', 'DD/MM/YYYY'), to_date(' 08/06/2023', 'DD/MM/YYYY'), to_date(' 16/11/2022', 'DD/MM/YYYY'), NULL);

INSERT INTO Reserva (IDCLIENTEASOCIADO, IDOFERTAASOCIADA, PROMOCIONESACTIVAS, FECHAINICIALRESERVA, FECHAFINALRESERVA, FECHARESERVA, FECHACANCELACION) 
VALUES (31, 31, ' Servicio de jardinería incluido', to_date(' 05/03/2023', 'DD/MM/YYYY'), to_date(' 26/05/2023', 'DD/MM/YYYY'), to_date(' 02/12/2022', 'DD/MM/YYYY'), NULL);

INSERT INTO Reserva (IDCLIENTEASOCIADO, IDOFERTAASOCIADA, PROMOCIONESACTIVAS, FECHAINICIALRESERVA, FECHAFINALRESERVA, FECHARESERVA, FECHACANCELACION) 
VALUES (32, 32, ' Mes adicional de arriendo gratis por renovación de 1 año', to_date(' 27/03/2023', 'DD/MM/YYYY'), to_date(' 22/06/2023', 'DD/MM/YYYY'), to_date(' 08/12/2022', 'DD/MM/YYYY'), NULL);

INSERT INTO Reserva (IDCLIENTEASOCIADO, IDOFERTAASOCIADA, PROMOCIONESACTIVAS, FECHAINICIALRESERVA, FECHAFINALRESERVA, FECHARESERVA, FECHACANCELACION) 
VALUES (33, 33, ' Descuento en la renta por firmar contrato por 2 años', to_date(' 21/02/2023', 'DD/MM/YYYY'), to_date(' 30/05/2023', 'DD/MM/YYYY'), to_date(' 05/11/2022', 'DD/MM/YYYY'), NULL);

INSERT INTO Reserva (IDCLIENTEASOCIADO, IDOFERTAASOCIADA, PROMOCIONESACTIVAS, FECHAINICIALRESERVA, FECHAFINALRESERVA, FECHARESERVA, FECHACANCELACION) 
VALUES (34, 34, ' Incluye servicio de seguridad', to_date(' 12/03/2023', 'DD/MM/YYYY'), to_date(' 05/05/2023', 'DD/MM/YYYY'), to_date(' 23/12/2022', 'DD/MM/YYYY'), NULL);

INSERT INTO Reserva (IDCLIENTEASOCIADO, IDOFERTAASOCIADA, PROMOCIONESACTIVAS, FECHAINICIALRESERVA, FECHAFINALRESERVA, FECHARESERVA, FECHACANCELACION) 
VALUES (35, 35, ' Servicio de limpieza de ventanas gratis una vez al mes', to_date(' 13/02/2023', 'DD/MM/YYYY'), to_date(' 24/06/2023', 'DD/MM/YYYY'), to_date(' 04/11/2022', 'DD/MM/YYYY'), NULL);

INSERT INTO Reserva (IDCLIENTEASOCIADO, IDOFERTAASOCIADA, PROMOCIONESACTIVAS, FECHAINICIALRESERVA, FECHAFINALRESERVA, FECHARESERVA, FECHACANCELACION) 
VALUES (36, 36, ' Descuento en la mudanza con nuestro servicio de transporte asociado', to_date(' 23/03/2023', 'DD/MM/YYYY'), to_date(' 04/05/2023', 'DD/MM/YYYY'), to_date(' 27/12/2022', 'DD/MM/YYYY'), to_date(' 04/05/2023', 'DD/MM/YYYY'));

INSERT INTO Reserva (IDCLIENTEASOCIADO, IDOFERTAASOCIADA, PROMOCIONESACTIVAS, FECHAINICIALRESERVA, FECHAFINALRESERVA, FECHARESERVA, FECHACANCELACION) 
VALUES (37, 37, ' Incluye servicio de gas', to_date(' 28/03/2023', 'DD/MM/YYYY'), to_date(' 31/05/2023', 'DD/MM/YYYY'), to_date(' 07/11/2022', 'DD/MM/YYYY'), to_date(' 30/04/2023', 'DD/MM/YYYY'));

INSERT INTO Reserva (IDCLIENTEASOCIADO, IDOFERTAASOCIADA, PROMOCIONESACTIVAS, FECHAINICIALRESERVA, FECHAFINALRESERVA, FECHARESERVA, FECHACANCELACION) 
VALUES (38, 38, ' Descuento en la renta por pago adelantado de 6 meses', to_date(' 25/02/2023', 'DD/MM/YYYY'), to_date(' 07/06/2023', 'DD/MM/YYYY'), to_date(' 19/12/2022', 'DD/MM/YYYY'), to_date(' 09/06/2023', 'DD/MM/YYYY'));

INSERT INTO Reserva (IDCLIENTEASOCIADO, IDOFERTAASOCIADA, PROMOCIONESACTIVAS, FECHAINICIALRESERVA, FECHAFINALRESERVA, FECHARESERVA, FECHACANCELACION) 
VALUES (39, 39, ' Sin gastos de notaría', to_date(' 04/02/2023', 'DD/MM/YYYY'), to_date(' 09/05/2023', 'DD/MM/YYYY'), to_date(' 14/12/2022', 'DD/MM/YYYY'), NULL);

INSERT INTO Reserva (IDCLIENTEASOCIADO, IDOFERTAASOCIADA, PROMOCIONESACTIVAS, FECHAINICIALRESERVA, FECHAFINALRESERVA, FECHARESERVA, FECHACANCELACION) 
VALUES (40, 40, ' Servicio de reparaciones y mantenimiento incluido', to_date(' 14/03/2023', 'DD/MM/YYYY'), to_date(' 20/06/2023', 'DD/MM/YYYY'), to_date(' 30/11/2022', 'DD/MM/YYYY'), to_date(' 07/05/2023', 'DD/MM/YYYY'));

INSERT INTO Reserva (IDCLIENTEASOCIADO, IDOFERTAASOCIADA, PROMOCIONESACTIVAS, FECHAINICIALRESERVA, FECHAFINALRESERVA, FECHARESERVA, FECHACANCELACION) 
VALUES (41, 41, ' Mes adicional de arriendo gratis por referir a un amigo', to_date(' 07/03/2023', 'DD/MM/YYYY'), to_date(' 14/05/2023', 'DD/MM/YYYY'), to_date(' 03/11/2022', 'DD/MM/YYYY'), NULL);

INSERT INTO Reserva (IDCLIENTEASOCIADO, IDOFERTAASOCIADA, PROMOCIONESACTIVAS, FECHAINICIALRESERVA, FECHAFINALRESERVA, FECHARESERVA, FECHACANCELACION) 
VALUES (42, 42, ' Descuento en la renta por firmar contrato por 3 años', to_date(' 09/02/2023', 'DD/MM/YYYY'), to_date(' 02/06/2023', 'DD/MM/YYYY'), to_date(' 25/11/2022', 'DD/MM/YYYY'), NULL);

INSERT INTO Reserva (IDCLIENTEASOCIADO, IDOFERTAASOCIADA, PROMOCIONESACTIVAS, FECHAINICIALRESERVA, FECHAFINALRESERVA, FECHARESERVA, FECHACANCELACION) 
VALUES (43, 43, ' Incluye servicio de electricidad', to_date(' 08/02/2023', 'DD/MM/YYYY'), to_date(' 25/06/2023', 'DD/MM/YYYY'), to_date(' 10/12/2022', 'DD/MM/YYYY'), to_date(' 27/05/2023', 'DD/MM/YYYY'));

INSERT INTO Reserva (IDCLIENTEASOCIADO, IDOFERTAASOCIADA, PROMOCIONESACTIVAS, FECHAINICIALRESERVA, FECHAFINALRESERVA, FECHARESERVA, FECHACANCELACION) 
VALUES (44, 44, ' Descuento en la mudanza con nuestro servicio de embalaje asociado', to_date(' 18/03/2023', 'DD/MM/YYYY'), to_date(' 07/05/2023', 'DD/MM/YYYY'), to_date(' 28/12/2022', 'DD/MM/YYYY'), NULL);

INSERT INTO Reserva (IDCLIENTEASOCIADO, IDOFERTAASOCIADA, PROMOCIONESACTIVAS, FECHAINICIALRESERVA, FECHAFINALRESERVA, FECHARESERVA, FECHACANCELACION) 
VALUES (45, 45, ' 2 meses de arriendo gratis por renovación anticipada de 3 años', to_date(' 15/02/2023', 'DD/MM/YYYY'), to_date(' 08/05/2023', 'DD/MM/YYYY'), to_date(' 22/11/2022', 'DD/MM/YYYY'), NULL);

INSERT INTO Reserva (IDCLIENTEASOCIADO, IDOFERTAASOCIADA, PROMOCIONESACTIVAS, FECHAINICIALRESERVA, FECHAFINALRESERVA, FECHARESERVA, FECHACANCELACION) 
VALUES (46, 46, ' Descuento en la garantía por renovación anticipada de 2 años', to_date(' 11/03/2023', 'DD/MM/YYYY'), to_date(' 03/06/2023', 'DD/MM/YYYY'), to_date(' 01/11/2022', 'DD/MM/YYYY'), NULL);

INSERT INTO Reserva (IDCLIENTEASOCIADO, IDOFERTAASOCIADA, PROMOCIONESACTIVAS, FECHAINICIALRESERVA, FECHAFINALRESERVA, FECHARESERVA, FECHACANCELACION) 
VALUES (47, 47, ' Incluye servicio de limpieza', to_date(' 26/03/2023', 'DD/MM/YYYY'), to_date(' 15/05/2023', 'DD/MM/YYYY'), to_date(' 06/11/2022', 'DD/MM/YYYY'), NULL);

INSERT INTO Reserva (IDCLIENTEASOCIADO, IDOFERTAASOCIADA, PROMOCIONESACTIVAS, FECHAINICIALRESERVA, FECHAFINALRESERVA, FECHARESERVA, FECHACANCELACION) 
VALUES (48, 48, ' Descuento en la renta por pago adelantado de 12 meses', to_date(' 24/03/2023', 'DD/MM/YYYY'), to_date(' 18/06/2023', 'DD/MM/YYYY'), to_date(' 16/12/2022', 'DD/MM/YYYY'), NULL);

INSERT INTO Reserva (IDCLIENTEASOCIADO, IDOFERTAASOCIADA, PROMOCIONESACTIVAS, FECHAINICIALRESERVA, FECHAFINALRESERVA, FECHARESERVA, FECHACANCELACION) 
VALUES (49, 49, ' Sin gastos de registro', to_date(' 21/03/2023', 'DD/MM/YYYY'), to_date(' 16/05/2023', 'DD/MM/YYYY'), to_date(' 12/12/2022', 'DD/MM/YYYY'), to_date(' 11/06/2023', 'DD/MM/YYYY'));

INSERT INTO Reserva (IDCLIENTEASOCIADO, IDOFERTAASOCIADA, PROMOCIONESACTIVAS, FECHAINICIALRESERVA, FECHAFINALRESERVA, FECHARESERVA, FECHACANCELACION) 
VALUES (50, 50, ' Servicio de conserjería incluido.', to_date(' 16/03/2023', 'DD/MM/YYYY'), to_date(' 26/06/2023', 'DD/MM/YYYY'), to_date(' 20/12/2022', 'DD/MM/YYYY'), to_date(' 18/04/2023', 'DD/MM/YYYY'));

SET DEFINE OFF

CREATE TABLE ServiciosPorOferta ( IDOFERTAALOJAMIENTO NUMBER(38),
IDSERVICIOOFRECIDO NUMBER(38),
constraint FKServiciosOFERTAOFERTA foreign key (IDOFERTAALOJAMIENTO) references ofertaalojamiento(idoferta),
constraint FKServiciosOFERTAservicio foreign key (IDServicioofrecido) references servicios(idservicio),
constraint PKSERVICIOSOFERTA primary key(IDOFERTAALOJAMIENTO,IDSERVICIOOFRECIDO));

--drop table ServiciosPorOferta;

INSERT INTO ServiciosPorOferta (IDOFERTAALOJAMIENTO, IDSERVICIOOFRECIDO) 
VALUES (1, 1);

INSERT INTO ServiciosPorOferta (IDOFERTAALOJAMIENTO, IDSERVICIOOFRECIDO) 
VALUES (1, 2);

INSERT INTO ServiciosPorOferta (IDOFERTAALOJAMIENTO, IDSERVICIOOFRECIDO) 
VALUES (2, 3);

INSERT INTO ServiciosPorOferta (IDOFERTAALOJAMIENTO, IDSERVICIOOFRECIDO) 
VALUES (2, 4);

INSERT INTO ServiciosPorOferta (IDOFERTAALOJAMIENTO, IDSERVICIOOFRECIDO) 
VALUES (3, 5);

INSERT INTO ServiciosPorOferta (IDOFERTAALOJAMIENTO, IDSERVICIOOFRECIDO) 
VALUES (3, 6);

INSERT INTO ServiciosPorOferta (IDOFERTAALOJAMIENTO, IDSERVICIOOFRECIDO) 
VALUES (4, 7);

INSERT INTO ServiciosPorOferta (IDOFERTAALOJAMIENTO, IDSERVICIOOFRECIDO) 
VALUES (4, 8);

INSERT INTO ServiciosPorOferta (IDOFERTAALOJAMIENTO, IDSERVICIOOFRECIDO) 
VALUES (5, 9);

INSERT INTO ServiciosPorOferta (IDOFERTAALOJAMIENTO, IDSERVICIOOFRECIDO) 
VALUES (5, 10);

INSERT INTO ServiciosPorOferta (IDOFERTAALOJAMIENTO, IDSERVICIOOFRECIDO) 
VALUES (6, 11);

INSERT INTO ServiciosPorOferta (IDOFERTAALOJAMIENTO, IDSERVICIOOFRECIDO) 
VALUES (6, 12);

INSERT INTO ServiciosPorOferta (IDOFERTAALOJAMIENTO, IDSERVICIOOFRECIDO) 
VALUES (7, 13);

INSERT INTO ServiciosPorOferta (IDOFERTAALOJAMIENTO, IDSERVICIOOFRECIDO) 
VALUES (7, 14);

INSERT INTO ServiciosPorOferta (IDOFERTAALOJAMIENTO, IDSERVICIOOFRECIDO) 
VALUES (8, 15);

INSERT INTO ServiciosPorOferta (IDOFERTAALOJAMIENTO, IDSERVICIOOFRECIDO) 
VALUES (9, 16);

INSERT INTO ServiciosPorOferta (IDOFERTAALOJAMIENTO, IDSERVICIOOFRECIDO) 
VALUES (9, 17);

INSERT INTO ServiciosPorOferta (IDOFERTAALOJAMIENTO, IDSERVICIOOFRECIDO) 
VALUES (10, 18);

INSERT INTO ServiciosPorOferta (IDOFERTAALOJAMIENTO, IDSERVICIOOFRECIDO) 
VALUES (10, 19);

INSERT INTO ServiciosPorOferta (IDOFERTAALOJAMIENTO, IDSERVICIOOFRECIDO) 
VALUES (11, 20);

INSERT INTO ServiciosPorOferta (IDOFERTAALOJAMIENTO, IDSERVICIOOFRECIDO) 
VALUES (11, 21);

INSERT INTO ServiciosPorOferta (IDOFERTAALOJAMIENTO, IDSERVICIOOFRECIDO) 
VALUES (11, 22);

INSERT INTO ServiciosPorOferta (IDOFERTAALOJAMIENTO, IDSERVICIOOFRECIDO) 
VALUES (12, 23);

INSERT INTO ServiciosPorOferta (IDOFERTAALOJAMIENTO, IDSERVICIOOFRECIDO) 
VALUES (12, 24);

INSERT INTO ServiciosPorOferta (IDOFERTAALOJAMIENTO, IDSERVICIOOFRECIDO) 
VALUES (12, 25);

INSERT INTO ServiciosPorOferta (IDOFERTAALOJAMIENTO, IDSERVICIOOFRECIDO) 
VALUES (13, 26);

INSERT INTO ServiciosPorOferta (IDOFERTAALOJAMIENTO, IDSERVICIOOFRECIDO) 
VALUES (13, 1);

INSERT INTO ServiciosPorOferta (IDOFERTAALOJAMIENTO, IDSERVICIOOFRECIDO) 
VALUES (13, 2);

INSERT INTO ServiciosPorOferta (IDOFERTAALOJAMIENTO, IDSERVICIOOFRECIDO) 
VALUES (14, 3);

INSERT INTO ServiciosPorOferta (IDOFERTAALOJAMIENTO, IDSERVICIOOFRECIDO) 
VALUES (14, 4);

INSERT INTO ServiciosPorOferta (IDOFERTAALOJAMIENTO, IDSERVICIOOFRECIDO) 
VALUES (14, 5);

INSERT INTO ServiciosPorOferta (IDOFERTAALOJAMIENTO, IDSERVICIOOFRECIDO) 
VALUES (15, 6);

INSERT INTO ServiciosPorOferta (IDOFERTAALOJAMIENTO, IDSERVICIOOFRECIDO) 
VALUES (15, 7);

INSERT INTO ServiciosPorOferta (IDOFERTAALOJAMIENTO, IDSERVICIOOFRECIDO) 
VALUES (15, 8);

INSERT INTO ServiciosPorOferta (IDOFERTAALOJAMIENTO, IDSERVICIOOFRECIDO) 
VALUES (16, 9);

INSERT INTO ServiciosPorOferta (IDOFERTAALOJAMIENTO, IDSERVICIOOFRECIDO) 
VALUES (16, 10);

INSERT INTO ServiciosPorOferta (IDOFERTAALOJAMIENTO, IDSERVICIOOFRECIDO) 
VALUES (16, 11);

INSERT INTO ServiciosPorOferta (IDOFERTAALOJAMIENTO, IDSERVICIOOFRECIDO) 
VALUES (17, 12);

INSERT INTO ServiciosPorOferta (IDOFERTAALOJAMIENTO, IDSERVICIOOFRECIDO) 
VALUES (17, 13);

INSERT INTO ServiciosPorOferta (IDOFERTAALOJAMIENTO, IDSERVICIOOFRECIDO) 
VALUES (17, 14);

INSERT INTO ServiciosPorOferta (IDOFERTAALOJAMIENTO, IDSERVICIOOFRECIDO) 
VALUES (18, 15);

INSERT INTO ServiciosPorOferta (IDOFERTAALOJAMIENTO, IDSERVICIOOFRECIDO) 
VALUES (18, 16);

INSERT INTO ServiciosPorOferta (IDOFERTAALOJAMIENTO, IDSERVICIOOFRECIDO) 
VALUES (18, 17);

INSERT INTO ServiciosPorOferta (IDOFERTAALOJAMIENTO, IDSERVICIOOFRECIDO) 
VALUES (19, 18);

INSERT INTO ServiciosPorOferta (IDOFERTAALOJAMIENTO, IDSERVICIOOFRECIDO) 
VALUES (19, 19);

INSERT INTO ServiciosPorOferta (IDOFERTAALOJAMIENTO, IDSERVICIOOFRECIDO) 
VALUES (19, 20);

INSERT INTO ServiciosPorOferta (IDOFERTAALOJAMIENTO, IDSERVICIOOFRECIDO) 
VALUES (20, 21);

INSERT INTO ServiciosPorOferta (IDOFERTAALOJAMIENTO, IDSERVICIOOFRECIDO) 
VALUES (20, 22);

INSERT INTO ServiciosPorOferta (IDOFERTAALOJAMIENTO, IDSERVICIOOFRECIDO) 
VALUES (20, 23);

INSERT INTO ServiciosPorOferta (IDOFERTAALOJAMIENTO, IDSERVICIOOFRECIDO) 
VALUES (21, 24);

INSERT INTO ServiciosPorOferta (IDOFERTAALOJAMIENTO, IDSERVICIOOFRECIDO) 
VALUES (21, 25);

INSERT INTO ServiciosPorOferta (IDOFERTAALOJAMIENTO, IDSERVICIOOFRECIDO) 
VALUES (21, 26);

INSERT INTO ServiciosPorOferta (IDOFERTAALOJAMIENTO, IDSERVICIOOFRECIDO) 
VALUES (22, 20);

INSERT INTO ServiciosPorOferta (IDOFERTAALOJAMIENTO, IDSERVICIOOFRECIDO) 
VALUES (22, 1);

INSERT INTO ServiciosPorOferta (IDOFERTAALOJAMIENTO, IDSERVICIOOFRECIDO) 
VALUES (22, 2);

INSERT INTO ServiciosPorOferta (IDOFERTAALOJAMIENTO, IDSERVICIOOFRECIDO) 
VALUES (23, 3);

INSERT INTO ServiciosPorOferta (IDOFERTAALOJAMIENTO, IDSERVICIOOFRECIDO) 
VALUES (24, 4);

INSERT INTO ServiciosPorOferta (IDOFERTAALOJAMIENTO, IDSERVICIOOFRECIDO) 
VALUES (25, 5);

INSERT INTO ServiciosPorOferta (IDOFERTAALOJAMIENTO, IDSERVICIOOFRECIDO) 
VALUES (26, 6);

INSERT INTO ServiciosPorOferta (IDOFERTAALOJAMIENTO, IDSERVICIOOFRECIDO) 
VALUES (27, 7);

INSERT INTO ServiciosPorOferta (IDOFERTAALOJAMIENTO, IDSERVICIOOFRECIDO) 
VALUES (28, 8);

INSERT INTO ServiciosPorOferta (IDOFERTAALOJAMIENTO, IDSERVICIOOFRECIDO) 
VALUES (29, 9);

INSERT INTO ServiciosPorOferta (IDOFERTAALOJAMIENTO, IDSERVICIOOFRECIDO) 
VALUES (30, 10);

INSERT INTO ServiciosPorOferta (IDOFERTAALOJAMIENTO, IDSERVICIOOFRECIDO) 
VALUES (31, 11);

INSERT INTO ServiciosPorOferta (IDOFERTAALOJAMIENTO, IDSERVICIOOFRECIDO) 
VALUES (32, 12);

INSERT INTO ServiciosPorOferta (IDOFERTAALOJAMIENTO, IDSERVICIOOFRECIDO) 
VALUES (33, 13);

INSERT INTO ServiciosPorOferta (IDOFERTAALOJAMIENTO, IDSERVICIOOFRECIDO) 
VALUES (34, 14);

INSERT INTO ServiciosPorOferta (IDOFERTAALOJAMIENTO, IDSERVICIOOFRECIDO) 
VALUES (35, 15);

INSERT INTO ServiciosPorOferta (IDOFERTAALOJAMIENTO, IDSERVICIOOFRECIDO) 
VALUES (36, 16);

INSERT INTO ServiciosPorOferta (IDOFERTAALOJAMIENTO, IDSERVICIOOFRECIDO) 
VALUES (37, 17);

INSERT INTO ServiciosPorOferta (IDOFERTAALOJAMIENTO, IDSERVICIOOFRECIDO) 
VALUES (38, 18);

INSERT INTO ServiciosPorOferta (IDOFERTAALOJAMIENTO, IDSERVICIOOFRECIDO) 
VALUES (39, 19);

INSERT INTO ServiciosPorOferta (IDOFERTAALOJAMIENTO, IDSERVICIOOFRECIDO) 
VALUES (40, 20);

INSERT INTO ServiciosPorOferta (IDOFERTAALOJAMIENTO, IDSERVICIOOFRECIDO) 
VALUES (41, 21);

INSERT INTO ServiciosPorOferta (IDOFERTAALOJAMIENTO, IDSERVICIOOFRECIDO) 
VALUES (42, 22);

INSERT INTO ServiciosPorOferta (IDOFERTAALOJAMIENTO, IDSERVICIOOFRECIDO) 
VALUES (43, 23);

INSERT INTO ServiciosPorOferta (IDOFERTAALOJAMIENTO, IDSERVICIOOFRECIDO) 
VALUES (44, 24);

INSERT INTO ServiciosPorOferta (IDOFERTAALOJAMIENTO, IDSERVICIOOFRECIDO) 
VALUES (45, 25);

INSERT INTO ServiciosPorOferta (IDOFERTAALOJAMIENTO, IDSERVICIOOFRECIDO) 
VALUES (46, 26);

INSERT INTO ServiciosPorOferta (IDOFERTAALOJAMIENTO, IDSERVICIOOFRECIDO) 
VALUES (47, 2);

INSERT INTO ServiciosPorOferta (IDOFERTAALOJAMIENTO, IDSERVICIOOFRECIDO) 
VALUES (48, 7);

INSERT INTO ServiciosPorOferta (IDOFERTAALOJAMIENTO, IDSERVICIOOFRECIDO) 
VALUES (49, 20);

INSERT INTO ServiciosPorOferta (IDOFERTAALOJAMIENTO, IDSERVICIOOFRECIDO) 
VALUES (50, 1);

SET DEFINE OFF

CREATE TABLE Vivienda ( IDINMUEBLE NUMBER(38) primary key,
TIPOVIVIENDA VARCHAR2(128) NOT NULL,
NUMEROHABITACIONES NUMBER(38) NOT NULL,
constraint FKViviendaInmueble foreign key (IDINMUEBLE) references INMUEBLE(IDINMUEBLE));

--drop table vivienda;

INSERT INTO Vivienda (IDINMUEBLE, TIPOVIVIENDA, NUMEROHABITACIONES) 
VALUES (1, 'Casa', 2);

INSERT INTO Vivienda (IDINMUEBLE, TIPOVIVIENDA, NUMEROHABITACIONES) 
VALUES (2, 'Apartamento', 3);

INSERT INTO Vivienda (IDINMUEBLE, TIPOVIVIENDA, NUMEROHABITACIONES) 
VALUES (3, 'Duplex', 1);

INSERT INTO Vivienda (IDINMUEBLE, TIPOVIVIENDA, NUMEROHABITACIONES) 
VALUES (4, 'Penthouse', 3);

INSERT INTO Vivienda (IDINMUEBLE, TIPOVIVIENDA, NUMEROHABITACIONES) 
VALUES (5, 'Apartaestudio', 3);

INSERT INTO Vivienda (IDINMUEBLE, TIPOVIVIENDA, NUMEROHABITACIONES) 
VALUES (6, 'Loft', 1);

INSERT INTO Vivienda (IDINMUEBLE, TIPOVIVIENDA, NUMEROHABITACIONES) 
VALUES (7, 'Chalet', 4);

INSERT INTO Vivienda (IDINMUEBLE, TIPOVIVIENDA, NUMEROHABITACIONES) 
VALUES (8, 'Mansión', 3);

INSERT INTO Vivienda (IDINMUEBLE, TIPOVIVIENDA, NUMEROHABITACIONES) 
VALUES (9, 'Bungalow', 1);

INSERT INTO Vivienda (IDINMUEBLE, TIPOVIVIENDA, NUMEROHABITACIONES) 
VALUES (10, ' Cabaña', 3);

INSERT INTO Vivienda (IDINMUEBLE, TIPOVIVIENDA, NUMEROHABITACIONES) 
VALUES (11, ' Estudio', 1);

INSERT INTO Vivienda (IDINMUEBLE, TIPOVIVIENDA, NUMEROHABITACIONES) 
VALUES (12, ' Ático', 1);

INSERT INTO Vivienda (IDINMUEBLE, TIPOVIVIENDA, NUMEROHABITACIONES) 
VALUES (13, ' Casa de campo', 4);

INSERT INTO Vivienda (IDINMUEBLE, TIPOVIVIENDA, NUMEROHABITACIONES) 
VALUES (14, ' Casa de ciudad', 1);

INSERT INTO Vivienda (IDINMUEBLE, TIPOVIVIENDA, NUMEROHABITACIONES) 
VALUES (15, ' Casa adosada', 1);

INSERT INTO Vivienda (IDINMUEBLE, TIPOVIVIENDA, NUMEROHABITACIONES) 
VALUES (16, ' Casa de lujo', 4);

INSERT INTO Vivienda (IDINMUEBLE, TIPOVIVIENDA, NUMEROHABITACIONES) 
VALUES (17, ' Departamento', 1);

INSERT INTO Vivienda (IDINMUEBLE, TIPOVIVIENDA, NUMEROHABITACIONES) 
VALUES (18, ' Casa prefabricada', 3);

INSERT INTO Vivienda (IDINMUEBLE, TIPOVIVIENDA, NUMEROHABITACIONES) 
VALUES (19, ' Casa móvil', 2);

INSERT INTO Vivienda (IDINMUEBLE, TIPOVIVIENDA, NUMEROHABITACIONES) 
VALUES (20, ' Chalé adosado', 1);

INSERT INTO Vivienda (IDINMUEBLE, TIPOVIVIENDA, NUMEROHABITACIONES) 
VALUES (21, ' Piso compartido', 2);

INSERT INTO Vivienda (IDINMUEBLE, TIPOVIVIENDA, NUMEROHABITACIONES) 
VALUES (22, ' Habitación en casa compartida', 2);

INSERT INTO Vivienda (IDINMUEBLE, TIPOVIVIENDA, NUMEROHABITACIONES) 
VALUES (23, ' Casa rural', 3);

INSERT INTO Vivienda (IDINMUEBLE, TIPOVIVIENDA, NUMEROHABITACIONES) 
VALUES (24, ' Casa de playa', 1);

INSERT INTO Vivienda (IDINMUEBLE, TIPOVIVIENDA, NUMEROHABITACIONES) 
VALUES (25, ' Casa en la montaña', 3);

SET DEFINE OFF

CREATE TABLE Servicios ( IDSERVICIO NUMBER(38) primary key,
NOMBRE VARCHAR2(128) NOT NULL,
DESCRIPCION VARCHAR2(256) NOT NULL,
HORAAPERTURA NUMBER(38) NOT NULL,
HORACIERRE NUMBER(38) NOT NULL,
COSTOADICIONAL NUMBER(38) NOT NULL);

INSERT INTO Servicios (IDSERVICIO, NOMBRE, DESCRIPCION, HORAAPERTURA, HORACIERRE, COSTOADICIONAL) 
VALUES (1, 'Servicio de limpieza diario', 'Personal que se encarga de mantener la habitación limpia y ordenada todos los días.', 9, 19, 178991);

INSERT INTO Servicios (IDSERVICIO, NOMBRE, DESCRIPCION, HORAAPERTURA, HORACIERRE, COSTOADICIONAL) 
VALUES (2, 'Jacuzzi', 'Un jacuzzi con agua caliente y burbujas para disfrutar de un momento de relax.', 4, 15, 64105);

INSERT INTO Servicios (IDSERVICIO, NOMBRE, DESCRIPCION, HORAAPERTURA, HORACIERRE, COSTOADICIONAL) 
VALUES (3, 'Piscina', 'Piscina semiolímpica privada para refrescarse y nadar en un ambiente tranquilo y exclusivo.', 3, 17, 53918);

INSERT INTO Servicios (IDSERVICIO, NOMBRE, DESCRIPCION, HORAAPERTURA, HORACIERRE, COSTOADICIONAL) 
VALUES (4, 'Masajes', 'Servicio de masajes a cargo de profesionales que garantizan una experiencia única y relajante.', 7, 13, 118787);

INSERT INTO Servicios (IDSERVICIO, NOMBRE, DESCRIPCION, HORAAPERTURA, HORACIERRE, COSTOADICIONAL) 
VALUES (5, 'Transporte', 'Servicio de transporte desde y hacia el aeropuerto o estación de tren más cercana.', 0, 16, 56122);

INSERT INTO Servicios (IDSERVICIO, NOMBRE, DESCRIPCION, HORAAPERTURA, HORACIERRE, COSTOADICIONAL) 
VALUES (6, 'Desayuno incluido', 'Desayuno completo incluido en el precio de la habitación.', 9, 14, 115725);

INSERT INTO Servicios (IDSERVICIO, NOMBRE, DESCRIPCION, HORAAPERTURA, HORACIERRE, COSTOADICIONAL) 
VALUES (7, 'Gimnasio', 'Sala de gimnasio completamente equipada con máquinas de última generación.', 6, 18, 129682);

INSERT INTO Servicios (IDSERVICIO, NOMBRE, DESCRIPCION, HORAAPERTURA, HORACIERRE, COSTOADICIONAL) 
VALUES (8, 'Sala de reuniones', 'Sala de reuniones con capacidad para varias personas y equipada con tecnología de última generación.', 7, 14, 54634);

INSERT INTO Servicios (IDSERVICIO, NOMBRE, DESCRIPCION, HORAAPERTURA, HORACIERRE, COSTOADICIONAL) 
VALUES (9, 'Servicio de lavandería', 'Servicio de lavandería para que los huéspedes puedan tener su ropa limpia y planchada en todo momento.', 11, 16, 141541);

INSERT INTO Servicios (IDSERVICIO, NOMBRE, DESCRIPCION, HORAAPERTURA, HORACIERRE, COSTOADICIONAL) 
VALUES (10, ' Restaurante', 'Restaurante propio que ofrece una amplia variedad de platos y bebidas.', 10, 1, 147701);

INSERT INTO Servicios (IDSERVICIO, NOMBRE, DESCRIPCION, HORAAPERTURA, HORACIERRE, COSTOADICIONAL) 
VALUES (11, ' Wi-Fi gratis', 'Conexión a Internet de alta velocidad disponible en todas las áreas del hotel de forma gratuita.', 8, 1, 187297);

INSERT INTO Servicios (IDSERVICIO, NOMBRE, DESCRIPCION, HORAAPERTURA, HORACIERRE, COSTOADICIONAL) 
VALUES (12, ' Servicio de habitaciones', 'Servicio de habitaciones disponible las 24 horas del día para satisfacer todas las necesidades de los huéspedes.', 2, 1, 184910);

INSERT INTO Servicios (IDSERVICIO, NOMBRE, DESCRIPCION, HORAAPERTURA, HORACIERRE, COSTOADICIONAL) 
VALUES (13, ' Minibar', 'Minibar en la habitación con una selección de bebidas y aperitivos.', 8, 1, 179068);

INSERT INTO Servicios (IDSERVICIO, NOMBRE, DESCRIPCION, HORAAPERTURA, HORACIERRE, COSTOADICIONAL) 
VALUES (14, ' Aparcamiento privado', 'Aparcamiento privado para los huéspedes que viajan en coche.', 5, 1, 167043);

INSERT INTO Servicios (IDSERVICIO, NOMBRE, DESCRIPCION, HORAAPERTURA, HORACIERRE, COSTOADICIONAL) 
VALUES (15, ' Servicio de guardaequipaje', 'Servicio de guardaequipaje para los huéspedes que llegan temprano o salen tarde.', 4, 1, 152690);

INSERT INTO Servicios (IDSERVICIO, NOMBRE, DESCRIPCION, HORAAPERTURA, HORACIERRE, COSTOADICIONAL) 
VALUES (16, ' Recepción 24 horas', 'Recepción abierta las 24 horas del día para atender cualquier solicitud o necesidad de los huéspedes.', 2, 1, 150375);

INSERT INTO Servicios (IDSERVICIO, NOMBRE, DESCRIPCION, HORAAPERTURA, HORACIERRE, COSTOADICIONAL) 
VALUES (17, ' Servicio de despertador', 'Servicio de despertador para asegurarse de que los huéspedes no lleguen tarde a sus compromisos.', 6, 1, 139189);

INSERT INTO Servicios (IDSERVICIO, NOMBRE, DESCRIPCION, HORAAPERTURA, HORACIERRE, COSTOADICIONAL) 
VALUES (18, ' Centro de negocios', 'Centro de negocios con acceso a Internet, impresoras, escáneres y otras herramientas esenciales para los viajeros de negocios.', 1, 1, 184595);

INSERT INTO Servicios (IDSERVICIO, NOMBRE, DESCRIPCION, HORAAPERTURA, HORACIERRE, COSTOADICIONAL) 
VALUES (19, ' Sauna', 'Sauna para disfrutar de un momento de relajación y bienestar.', 3, 1, 153543);

INSERT INTO Servicios (IDSERVICIO, NOMBRE, DESCRIPCION, HORAAPERTURA, HORACIERRE, COSTOADICIONAL) 
VALUES (20, ' Salón de belleza', 'Salón de belleza donde los huéspedes pueden disfrutar de una gran variedad de tratamientos de belleza.', 0, 1, 98885);

INSERT INTO Servicios (IDSERVICIO, NOMBRE, DESCRIPCION, HORAAPERTURA, HORACIERRE, COSTOADICIONAL) 
VALUES (21, ' Zona de juegos infantiles', 'Zona de juegos para los más pequeños de la casa.', 10, 1, 192983);

INSERT INTO Servicios (IDSERVICIO, NOMBRE, DESCRIPCION, HORAAPERTURA, HORACIERRE, COSTOADICIONAL) 
VALUES (22, ' Servicio de alquiler de bicicletas', 'Servicio de alquiler de bicicletas para explorar los alrededores del hotel.', 7, 1, 113135);

INSERT INTO Servicios (IDSERVICIO, NOMBRE, DESCRIPCION, HORAAPERTURA, HORACIERRE, COSTOADICIONAL) 
VALUES (23, ' Servicio de conserjería', 'Servicio de conserjería para ayudar a los huéspedes con cualquier solicitud o necesidad.', 8, 1, 130018);

INSERT INTO Servicios (IDSERVICIO, NOMBRE, DESCRIPCION, HORAAPERTURA, HORACIERRE, COSTOADICIONAL) 
VALUES (24, ' Peluquería', 'Peluquería para mantener el cabello arreglado durante la estancia.', 5, 1, 108072);

INSERT INTO Servicios (IDSERVICIO, NOMBRE, DESCRIPCION, HORAAPERTURA, HORACIERRE, COSTOADICIONAL) 
VALUES (25, ' Tienda de souvenirs', 'Tienda de souvenirs para llevarse un recuerdo del lugar.', 0, 1, 122332);

INSERT INTO Servicios (IDSERVICIO, NOMBRE, DESCRIPCION, HORAAPERTURA, HORACIERRE, COSTOADICIONAL) 
VALUES (26, ' Caja fuerte en la habitación', 'Caja fuerte en la habitación para guardar', 11, 1, 194594);